campaign,flight_num,duration_s,horizontal_distance_m,path_length_m,altitude_range_m,vertical_displacement_m,mean_abs_climb_rate,climb_fraction,sink_fraction,mean_true_airspeed,mean_speed_horizontal,mean_headwind_component,mean_wind_speed,mean_air_density,mean_air_temperature,mean_pitch,mean_tilt_angle,mean_dynamic_pressure,mean_actual_power_W,mean_predicted_power_W,mean_residual_W,rmse_W
1,1,263.119999,4277.94134298439,4290.524178611144,71.81824000000002,9.681463999999991,0.9762361294712092,0.42802303262955854,0.3934740882917466,24.409897143953934,16.29192645420161,0.8443869012916627,3.733965393213857,1.1509781948176583,37.219487765834934,0.03760299536586366,0.2547550375324416,347.8424022032243,,,,
1,2,256.542133,4223.468473721947,4237.0312741767,66.56003,2.0768600000000106,1.0507971791828739,0.4547244094488189,0.42913385826771655,24.401677358267715,16.482999687779486,0.7721092934450527,3.8298097898329386,1.1548551604330708,36.12412017322835,0.03338387728713736,0.2628563599360363,348.01623597787744,,,,
1,3,258.565836,4183.624618667561,4195.232176866272,66.126687,-0.02643000000000484,0.967432684637451,0.4215686274509804,0.43137254901960786,24.17049602352941,16.227374447587252,1.1563827746364557,4.254022797104804,1.1562244501960786,35.67304521568628,0.02874967172589895,0.24895507090778632,341.262218860422,,,,
1,4,259.5781199999999,4217.319172349471,4229.779197143866,61.60303599999999,-1.315880000000007,0.959613056775586,0.365234375,0.45703125,24.412097470703124,16.304413605510277,0.781806844258867,3.6258261601858335,1.1564211267578126,35.672271625,0.023685880542326607,0.253083962824766,348.9851733553099,,,,
1,5,261.6020000000001,4150.942124932628,4163.815984474715,68.155993,1.8020640000000014,0.996702773796525,0.42084942084942084,0.44594594594594594,23.64665581660232,15.91482056894481,0.8449352043843885,4.154844381215644,1.155659437837838,35.8215310965251,0.024255797622040838,0.2502936460459371,327.40688326427835,,,,
1,6,275.7700249999999,4106.736936391993,4117.639086099383,65.45553000000001,2.272389999999973,0.8286457184500917,0.381651376146789,0.42935779816513764,22.399984671559633,14.919324893697226,0.47744936032975543,3.237879922420262,1.1670548434862384,34.138538110091744,0.03748658207460599,0.22927011957877502,295.251638596541,,,,
1,7,282.0289179999997,4153.100935027056,4166.643255568778,65.62464800000001,2.0715799999999973,0.9467113452682916,0.4352517985611511,0.43345323741007197,22.416797309352518,14.746877260204869,1.5038074250279894,4.1597398323754256,1.1543898526978418,36.164754201438846,0.025110976381968082,0.2447364525928611,294.70459493709905,,,,
1,8,298.0370329999999,4119.323781583938,4136.0125708234045,65.492525,-2.208984000000001,0.9842331180933898,0.4135593220338983,0.42033898305084744,21.428954879661017,13.865130077662824,1.119408318519782,3.5044485189804897,1.1526921040677967,36.57119244067797,0.03994698826443635,0.23901382565848733,270.7574743715871,,,,
1,9,294.0768880000002,4154.254570859184,4167.011758316555,67.14662000000001,0.5231899999999996,0.8498966490811206,0.4068965517241379,0.4103448275862069,22.958598584482758,14.17881420234902,1.9533876354017095,5.344772923157253,1.1485916389655173,37.350006,0.03299556281147439,0.2381947099790456,307.5019153337176,,,,
1,10,289.43279,4295.619382567904,4310.690870031753,74.08535999999998,10.162369999999981,0.9783366005297722,0.4553415061295972,0.4098073555166375,24.04011684763573,14.902267508827823,1.75252292359266,5.047923038670604,1.145614811033275,38.505872900175135,0.032742517894078026,0.2694723585829871,334.8754793783015,,,,
1,11,252.999952,4231.048389951265,4242.426979325376,66.338074,-1.55368,0.9762589682303406,0.4088176352705411,0.4168336673346693,26.088963745490982,16.818725651514793,1.8893881195444915,5.894597693402289,1.148213948697395,37.780366721442896,-0.008514346626067022,0.27622773065747436,393.43868359083126,,,,
1,12,275.263932,4181.527582841831,4195.3838338058185,67.500698,-0.14796499999999924,0.9723624514752294,0.3834862385321101,0.43302752293577984,24.686822878899083,15.23597998949569,2.1257314484775165,5.721241589248099,1.149802747706422,37.400464715596335,0.010056790935610547,0.23298393707138887,354.39453119276124,,,,
1,13,283.866274,4128.072089211631,4140.864466010302,64.77910499999999,0.8666699999999992,0.9024504477111229,0.39037433155080214,0.43137254901960786,22.725069001782533,14.599713063432446,1.9947453262828356,5.16153677481918,1.1504568878787877,37.20695787165776,0.034833558223681,0.21881976270005124,300.6525310737098,,,,
1,14,281.336129,4186.0132737681415,4199.020285759416,64.356336,2.2406800000000118,0.9241697433946142,0.40754039497307004,0.44165170556552963,24.171745075403948,14.951889582245439,1.9679735632332032,5.114316623347211,1.150555822800718,37.17585878276481,0.004786838946545819,0.25103137177378687,339.37803892784865,,,,
1,15,309.672098,4086.781924320275,4100.740797024967,61.97296,-1.4638400000000047,0.8633992099126514,0.3911620294599018,0.4206219312602291,21.52622218657938,13.230676040436862,1.8313937984481994,4.9333328308193085,1.1506483168576105,37.14092253027824,0.04764645617556229,0.23874929640448972,269.97009789474566,,,,
1,17,313.71998300000007,4120.759825240642,4135.90768870921,64.451465,-1.3158599999999865,0.9202629175814516,0.4129032258064516,0.4290322580645161,21.644834267741935,13.177897175034563,1.8778608760465747,4.735463223957132,1.151453868387097,36.90444148387097,0.0416810662247246,0.23140158053104412,272.7353433250736,,,,
1,18,357.235857,4180.881202271457,4201.174434596687,67.305161,4.365115999999986,0.8906870577917965,0.44413012729844414,0.4002828854314003,19.340001490806223,11.73659666578928,1.8336042487940067,4.819225811759949,1.151245791513437,36.9026934115983,0.07855833685535055,0.25772454734883166,218.9991088137936,,,,
1,19,299.551976,4113.274732595735,4127.374115017546,63.60592,-1.9975859999999983,0.8962539282253378,0.3902027027027027,0.44425675675675674,21.487623231418922,13.775104246233296,1.5709319917775706,4.60827045228916,1.1515759614864867,36.87661072972973,0.024765675565357075,0.2334868636630733,270.1639365207825,,,,
1,20,275.8719699999999,4268.083712609607,4281.0977679055195,69.403175,-9.248125000000002,0.9578294738884615,0.42857142857142855,0.4267399267399267,24.359794236263735,15.514643548460892,1.755995929653312,4.968196791596779,1.1345530054945054,41.38938328937729,0.06677453339195806,0.24710304478820955,340.3984542562382,,,,
1,21,263.703994,4161.019996212576,4172.790596402028,63.378674,2.0293099999999953,0.9043359260416506,0.4107485604606526,0.3742802303262956,25.136830754318616,15.827708228856755,1.763303781002195,4.867177817309839,1.1439010276391555,38.706531911708254,0.04564066976968619,0.23719550521154226,364.64533857836244,,,,
1,22,270.7851569999999,4202.537561749959,4214.443190185176,64.92706799999999,-1.1837600000000066,0.9013707469246268,0.39552238805970147,0.3880597014925373,24.713682522388062,15.537329803152451,1.9712026238193563,5.50400974121343,1.147620613432836,37.66996868656717,0.04206659478375845,0.24176163062603498,353.2109748918731,,,,
1,23,271.8087469999999,4187.711758576883,4201.136256042877,67.860051,0.5971600000000024,0.9679155771435821,0.4216417910447761,0.40111940298507465,24.707651727611943,15.487201954520868,1.8779376942677737,5.548053146091425,1.1487981746268656,37.350006,0.03695258665993376,0.24585525282109857,353.78772346681865,,,,
1,24,279.31203,4134.91350293058,4147.638253355492,66.24295000000001,1.685779999999994,0.8995590298920145,0.43920145190562615,0.3992740471869328,22.384345872958257,14.853755678499333,0.42714061321151836,3.3486799894896504,1.167216776950998,34.100006,0.047157527063902485,0.25062147946953367,295.69097368159663,,,,
1,25,292.0685009999999,4169.233158538171,4182.69443870409,64.73155,1.9606059999999985,0.9045850523621107,0.4100346020761246,0.4411764705882353,23.233800124567473,14.299408874247389,2.3309030250740856,6.008022361047962,1.1489180169550173,37.350006,0.05855973080978482,0.23838955815262625,313.8090487061975,,,,
1,26,294.56896700000004,4122.67230543123,4136.678578916819,64.493737,-2.48378000000001,0.8888019156692968,0.40480274442538594,0.41852487135506006,22.522473806174958,14.017984562922225,1.9271512584199748,5.281864867495178,1.1488427639794168,37.350006,0.06256815090942348,0.22822706628896844,294.48875586613747,,,,
1,27,290.02175199999994,4165.668602410387,4180.639634413811,64.73683,1.0146450000000016,0.9565074014763573,0.45709281961471104,0.3905429071803853,23.180369238178635,14.360943409084545,1.984896615405862,5.344851702907867,1.1489932523642734,37.31103927495622,0.04301893673892983,0.24541764428329882,311.5165911045607,,,,
1,28,296.616041,4129.70452505316,4141.598385614596,66.031567,2.1085700000000003,0.8289195783182906,0.40512820512820513,0.38632478632478634,22.468263264957265,13.959582115914992,2.0047539391547042,5.541215400584472,1.1487089258119658,37.33675813675214,0.0487995446246529,0.23046698223556097,291.7461637788972,,,,
2,29,239.340001,4308.690622452437,4318.5361032885585,65.95229000000002,2.1561299999999903,0.9242222935809725,0.3572938689217759,0.41014799154334036,26.416605035940805,18.011121395003563,-0.16342466372575634,2.2449201872967803,1.1752517803382665,31.84419204651163,0.017672275367494352,0.2686919175035876,414.2856008023974,,,,
2,30,247.4336469999999,4151.919198552813,4163.622463000198,67.08321,-1.1414699999999982,0.9604441699839795,0.38979591836734695,0.40408163265306124,25.025270510204077,16.812340203387283,0.4644086121943102,3.1106703137398912,1.1714747002040815,32.77908763265307,0.03650619800570979,0.24602230847174514,369.2996623232767,,,,
2,31,243.386662,4197.039540201388,4206.8231297889615,65.87831999999999,0.4438899999999819,0.9274931357852083,0.4083333333333333,0.41041666666666665,25.302871689583338,17.31038583084227,0.08174534219760332,2.680290962865963,1.1699500693750002,33.214589333333336,0.035075095966125965,0.27013886489303196,377.5562137246062,,,,
2,32,280.324,4137.497207715862,4150.71058678265,66.21652000000002,-1.9024900000000002,0.9408429094569369,0.42162162162162165,0.4486486486486487,22.494560230630633,14.806549302867102,1.1444486933478955,4.072528781602673,1.1678144985585586,33.95315915315315,0.046731836813447225,0.2417806607798756,299.92424789752215,,,,
2,33,259.072205,4162.408145746107,4172.854416561128,63.125006,-0.26954000000000633,0.8910731332130859,0.416015625,0.3984375,24.455540091796877,16.119895033821745,0.5508037192589162,3.816265828509568,1.16861060234375,33.600006,0.04241755874121478,0.24541282766264305,354.60364087850394,,,,
2,34,280.830001,4183.952805734842,4196.4580342305,64.44088,0.502040000000008,0.9004313996864621,0.3971119133574007,0.4314079422382672,22.58471813718411,14.935451660580048,0.8184109769732222,4.008042229049072,1.1549476283393503,36.08015040433213,0.04903067248571128,0.25306017787902446,301.6021356143201,,,,
2,35,260.591295,4175.804468275136,4185.824644955879,65.25472500000001,0.21667999999999665,0.8628578341459303,0.3875968992248062,0.4263565891472868,24.13050870348837,16.063902840784763,0.16414312072747148,3.1085394578855032,1.1676975432170542,33.76376568992248,0.040401436234152675,0.24662159761691488,346.5160577899104,,,,
2,36,263.12,4136.533479487141,4148.660117300327,67.75965000000001,0.6288700000000063,0.9328629098551346,0.41923076923076924,0.4173076923076923,24.005382153846156,15.757755145560342,0.7749439517440009,3.7359563812551873,1.1675815340384614,33.850006,0.04184101364785592,0.2433489430435715,341.57377664395904,,,,
2,37,265.6500060000002,4153.107713537841,4163.440191142538,63.90185000000001,-1.1044799999999952,0.867353311970057,0.38783269961977185,0.4429657794676806,23.516804731939164,15.682097322007307,0.4826406944002431,3.2591723232991496,1.167493615969582,33.850006,0.043680694097417434,0.2345365382330163,326.84415786422056,,,,
2,38,253.00099599999996,4224.579940545222,4236.396904757748,64.95879499999998,1.1996199999999817,0.9453350849650698,0.4151696606786427,0.41317365269461076,24.65521715369261,16.76770959622317,0.05072013712851003,3.526017822118389,1.1678151125748504,33.850006,0.01775998404584348,0.2815890003995304,359.47328418872434,,,,
3,39,238.832942,4324.024438084402,4334.736364847468,71.051975,8.027360000000016,1.017640891088795,0.4503171247357294,0.4186046511627907,27.537301076109937,18.168634552848985,0.7648566560698913,4.114287672911169,1.1615872141649048,35.612162448202966,-0.008515508207411855,0.2827015490875291,443.5715674761305,,,,
3,40,233.266356,4223.657142574071,4234.276655809293,63.14087000000001,-0.3329300000000046,1.0168405895830803,0.3926247288503254,0.4360086767895879,27.594159563991322,18.12579441520232,0.7068901412998252,4.059479647988678,1.1659856509761388,34.46063506724512,-0.010722389768138434,0.27773397088338236,446.80469289342653,,,,
3,41,245.916061,4256.909669376855,4268.50125115637,67.75965,0.0898300000000063,0.9878178699427104,0.42299794661190965,0.406570841889117,27.243058905544153,17.32714413566343,1.3358165851009793,5.15168904977031,1.1680757285420944,33.88953372073922,-0.008277768103829585,0.27415365419977117,437.16805691306513,,,,
3,42,272.2279239999999,4171.284681723551,4182.683361410725,69.26576,-0.9459600000000137,0.8871030841698885,0.3847583643122677,0.4144981412639405,24.233727778810405,15.36527765522099,1.7305645530631426,4.882904431586494,1.169077954832714,33.600006,0.03175699950976405,0.2465811853359534,347.1620618044369,,,,
3,43,252.999999,4186.085673897263,4197.716944947748,65.228306,-0.5760099999999966,0.9648086659517999,0.41,0.418,25.713967884,16.592441847440266,1.386401517001218,4.699478933112234,1.169189128,33.599506000000005,0.0006021932768969229,0.25140026040451874,389.58999423459034,,,,
3,44,253.5059919999998,4177.904988650314,4190.281632531032,65.07505,0.5548900000000003,0.9663707215518,0.392,0.446,25.719081372,16.525064336776623,1.2291996972635728,4.304692543431264,1.1700501314,33.39850600000001,-0.0032510250686083176,0.2667028922919148,391.78231172549937,,,,
3,45,256.5416600000001,4193.2092092771045,4205.431220343223,63.542500000000004,-1.130899999999997,0.9881893913281495,0.4074803149606299,0.44291338582677164,25.994649562992123,16.435339086941013,1.2252290159044483,4.374275898288735,1.17046510511811,33.350006,-0.010780385520590702,0.2644531892899724,400.4696104643211,,,,
3,46,272.7338569999999,4175.822918289063,4186.725031907181,66.10025999999999,0.5125900000000172,0.849840501567718,0.3747680890538033,0.41929499072356213,24.09980716141002,15.312617335880725,1.3642294543715932,4.419350320141394,1.1701568053803342,33.35000599999999,0.01719751853822536,0.2340535534415488,344.1309605404523,,,,
3,47,281.8423000000001,4129.063167849484,4139.861318722797,65.26001,-0.005279999999999063,0.8151631137907347,0.3673835125448029,0.4444444444444444,23.204738188172044,14.694736378166219,1.7038007709909349,4.6974316996699885,1.1704186862007169,33.350006,0.024273419068431727,0.22375156814782635,317.7388587032083,,,,
3,48,253.507871,4312.807395437827,4323.326497056243,71.54344999999999,9.22699,0.9141904901826348,0.4411177644710579,0.3912175648702595,25.354232225548902,17.05596142394732,0.5741323767840756,4.130778940777843,1.166477197205589,34.31307985229541,0.026945384573990427,0.2636296426548553,378.71053249984294,,,,
3,49,245.412812,4202.461938228156,4212.839302832456,64.55187000000001,-1.5219800000000134,0.9145088890858024,0.4074074074074074,0.41358024691358025,25.0822740617284,17.14808949433887,0.3256619026705735,3.776538300260627,1.1681403341563787,33.85926525925926,0.024965241770061035,0.2655011711694679,370.74859691250714,,,,
3,50,242.8795799999999,4209.509090858531,4220.396022309516,67.37915000000001,0.6711600000000146,0.9691123162247403,0.43451143451143454,0.38253638253638256,25.437819706860708,17.34878366349281,-0.030964606951886926,2.873265852217398,1.168836595218295,33.700837600831605,0.01510469906811293,0.26469131891126074,380.10032274286175,,,,
3,51,237.8199849999999,4236.110258894474,4246.050778006162,66.26408,0.03170000000000073,0.9628819138953292,0.39065817409766457,0.4585987261146497,26.25520990233546,17.87289479715007,-0.30305628480501084,2.748058175905278,1.1691722889596603,33.6552076985138,-0.001454380537026932,0.2772415295851442,406.0429642743251,,,,
3,52,240.3500569999999,4235.646891445157,4246.436266125549,68.84828999999999,-0.058130000000005566,0.9798801804348101,0.41139240506329117,0.4282700421940928,25.90152613924051,17.693973424777056,0.1312343374303697,3.4603379731121935,1.1683219073839664,33.85000600000001,-0.004538987130706087,0.2791977652555134,395.0689524136602,,,,
3,53,258.060017,4185.006548380832,4195.872732114049,66.79785,4.04801999999998,0.8959167292836935,0.4223968565815324,0.39096267190569745,24.339213554027506,16.273626187069997,0.6402471191250524,3.3152902402849675,1.1683344194499017,33.85000600000001,0.019029135377927744,0.25194539659505744,348.5039480040009,,,,
4,54,245.413002,4384.394692192716,4396.476846501762,69.94219600000001,8.70908,1.0046600867004132,0.3884297520661157,0.40289256198347106,26.627728917355373,17.899362458711153,0.22703990157121762,3.5479788800821614,1.158083560123967,36.63564649586777,0.015076239003115697,0.29627988397587623,413.98991046327507,155.2071636189441,161.67062321773244,-6.463459598788364,18.79785283318731
4,55,250.470003,4211.655816023338,4222.891395566696,64.04982500000001,0.47033000000001834,0.970119515763488,0.41935483870967744,0.39314516129032256,25.49217182459677,16.85899722641503,0.37240206715629354,3.787203024540032,1.160523135080645,35.98155841935484,0.03366816405974672,0.26770513112091215,381.45740977086285,152.29831317238168,158.9092120835858,-6.610898911204119,16.602699448227817
4,56,265.14393,4180.50252093302,4192.579657834527,63.61647000000001,1.6593799999999987,0.9532537675936382,0.4076190476190476,0.41523809523809524,23.619008765714284,15.811099762143533,0.7311065345629206,3.7846060788711693,1.1621519662857143,35.457625047619054,0.05582891778384535,0.2563426860488867,329.4338978182473,147.20454645511322,146.52026141938708,0.6842850357261254,17.494979468335863
4,57,244.9036789999999,4302.313373952783,4313.130597472814,63.394519999999986,-0.052859999999981255,0.9749312104134021,0.4350515463917526,0.41855670103092785,26.29742428659794,17.595144851209064,0.19733283764367426,3.045824304828018,1.163447473814433,35.11031527835051,0.010456884440134413,0.27710263770508514,406.2879067302997,140.52114602734025,149.6240889047839,-9.102942877443624,17.998228269334007
4,58,249.9639769999999,4175.732961136597,4186.813912512329,66.58117,1.3528599999999926,0.9724546517909093,0.4161616161616162,0.42828282828282827,24.65820257777778,16.731029500379968,0.36050874194842863,3.3803764856512704,1.163307105858586,35.100006,0.02905674780519986,0.2753419891092544,357.38543593271896,135.9724215967763,144.1126635744114,-8.1402419776351,17.659639925692165
4,59,244.90381699999992,4259.565734699641,4271.22465682361,63.801429999999996,-1.1414699999999982,1.0500575818222568,0.42028985507246375,0.4244306418219462,25.77352176811594,17.412798051579095,0.4261778241143666,3.836928663401695,1.163539479296066,35.10000599999999,0.006533827332509134,0.29319182698469076,391.17514597281985,130.5749932100389,137.23432458755147,-6.659331377512525,19.49531225653485
4,60,257.047934,4208.160277116724,4220.961440663965,67.46899499999999,2.409790000000015,1.0224029857061858,0.4407114624505929,0.4308300395256917,24.323293590909092,16.408312050223305,0.2814581660598484,3.438356468317861,1.1633769049407117,35.100006,0.02475027474012942,0.2638557389286187,346.3472239804916,129.08906565869205,141.97691490056488,-12.887849241872821,20.533186856672167
4,61,272.7339629999998,4166.063251988418,4178.799798213063,65.39213999999998,0.15852000000001,0.9496413075994445,0.4444444444444444,0.42777777777777776,23.329189837037035,15.323550932157067,0.3768334556228065,2.974695929898833,1.1627363385185185,35.234728222222216,0.03818443232355087,0.2498717433500374,319.8094100887699,122.67786266548008,136.70771715729325,-14.029854491813168,20.92103458773262
4,62,260.5900400000003,4189.574826152575,4201.590619854047,63.775035,0.3540700000000072,0.9647174807795322,0.42300194931773877,0.4269005847953216,23.996112469785572,16.093355637041796,0.339138554732138,3.1673335535379725,1.1624901493177389,35.35000599999999,0.022968428835846547,0.25477565302465555,338.8103384647352,117.40402555867801,136.13044624626056,-18.72642068758252,24.216010764604736
4,63,254.014002,4274.595344831052,4286.777695762289,65.37098999999999,3.429720000000003,0.9963090531457086,0.4311377245508982,0.4231536926147705,25.752246772455088,16.857692994288165,0.8923665925522817,3.2839403332637844,1.1576990828343314,36.55110380439122,0.0395305492770861,0.24629029578100636,386.7272295118575,154.70029928652173,164.95505547285555,-10.254756186333838,20.823181174709543
4,64,244.398122,4215.210141355838,4225.960051242209,63.98642000000001,1.3739999999999952,0.9885722619098761,0.3987603305785124,0.44421487603305787,27.052836278925618,17.27481415373786,1.223398452498444,4.1810661323220115,1.160906509504132,35.68161757024793,0.0072506440954904945,0.2625670859878767,428.6767548786474,144.07563955865567,154.18781560314588,-10.112176044490203,21.581085955473572
4,65,246.423006,4245.07241993519,4256.298134689605,64.45147,-0.8455500000000029,0.9750841877131148,0.39549180327868855,0.430327868852459,26.602051096311477,17.261851146013623,0.8765969151437226,4.385520786065375,1.16269706352459,35.152772393442625,0.013972844970330687,0.2607530428971348,413.56834383794904,139.18430597151547,152.05054384176847,-12.86623787025302,20.40949544937228
4,66,255.529986,4182.5273505471705,4193.523982036229,64.87422,1.4374300000000062,0.9695389392396825,0.44047619047619047,0.4384920634920635,24.839161835317462,16.41625982967862,0.9487126554108097,3.7940964207820387,1.163209476388889,35.01419250793651,0.033480668287490405,0.25824420312784696,362.492741659025,135.1228607951941,151.49829469219085,-16.37543389699678,22.0302656248863
4,67,274.757999,4119.959544654095,4132.556131549689,63.885999999999996,0.9248200000000111,0.9151649940151572,0.43807763401109057,0.3955637707948244,23.513054088724584,15.046445628703323,0.9017332578043568,3.291485365686736,1.1627541687615528,35.100006,0.05186727091638424,0.24305273001022398,323.889559917999,132.5241880008943,145.1180303577134,-12.593842356819076,21.30631310924456
4,68,247.9399720000001,4192.77864639148,4204.489240797473,63.23069000000001,-1.8020600000000115,1.0286633103204499,0.42535787321063395,0.4458077709611452,25.886572781186093,16.9250290316522,0.6655402996338671,3.9500704640377116,1.1627569016359918,35.152664486707565,0.012928096107334619,0.25900137031948767,394.80469614687354,125.76228225861232,148.19107730842074,-22.428795049808457,27.467006596990068
4,69,279.312067,4139.122267577547,4151.724753098511,65.06448,0.9565499999999929,0.9189365241938294,0.3811252268602541,0.4482758620689655,23.335405927404718,14.854483474900778,1.4897983423401622,5.087277261490993,1.16263403738657,35.100006,0.04382457585624884,0.24238543736155482,322.15599011789567,119.73557370517085,135.90851846061472,-16.172944755443872,23.595606666168592
4,70,277.28800200000006,4125.3112621257205,4138.541438820099,68.50478,1.902479999999997,0.9424435939448086,0.4080145719489982,0.4225865209471767,23.13340924043716,14.923733880064441,1.232786222560896,4.8294152542440845,1.162677723132969,35.10000600000001,0.04000280967383433,0.24369718506818716,313.6971086524568,116.5111221777147,132.8839971146297,-16.372874936915,21.462234679055396
4,71,263.6255589999998,4210.324118425506,4222.1979696535855,65.07506000000001,-1.0780699999999968,0.9330695546416667,0.43992248062015504,0.4011627906976744,25.251515364341085,15.966164966207854,1.5871335181814061,5.367924821327522,1.1627508604651164,35.100006,0.0028883849994043847,0.2575988758971867,374.16805738833887,109.13093677992495,135.9119385896727,-26.781001809747742,31.53766125165289
5,72,238.32602999999992,4263.0501473661625,4272.76602877362,64.54659,-0.6077200000000005,0.9308810317152544,0.3961864406779661,0.4110169491525424,26.530443618644068,17.89930732098091,0.2850073597432034,1.5650590277302439,1.1674946184322035,34.19322633898305,0.03133376015615456,0.26249515042079297,413.56412532120277,151.40533514097535,149.68432537276865,1.7210097682067118,20.208016979898673
5,73,239.8441539999999,4163.263921865175,4172.898252716917,64.13438,1.1784700000000043,0.8942869769180549,0.3890063424947146,0.37209302325581395,25.758701752642704,17.380562617444465,0.39504222100174036,1.590478723081175,1.168661049048626,33.88488972093023,0.04084456367397201,0.25422946134137914,390.11584635374874,147.89671190451855,144.56399595611444,3.3327159484041364,19.7134280977409
5,74,237.81999799999988,4177.298804604767,4187.281071977872,64.61527600000001,-0.4597599999999886,0.9562574029140725,0.4115138592750533,0.4072494669509595,26.10351843496802,17.6145373512604,0.38779774616574203,1.380548615297522,1.1703254057569297,33.46141324946695,0.0325381370108492,0.2554064793432207,401.27172592990604,142.35297479567288,144.73427552302508,-2.3813007273522104,19.11407917553253
5,75,246.92812,4173.902936064635,4183.303903593176,63.36282,0.5549099999999783,0.8787390748670757,0.41513292433537835,0.4130879345603272,25.084728603271984,16.92783161288991,0.4567858117289439,1.428734561024057,1.1707699059304704,33.350006,0.04282793983830058,0.2532090620868073,370.10860622047795,138.91952408160952,139.22795821893922,-0.3084341373296876,17.991716011129434
5,76,247.93999899999991,4150.275492178689,4159.933106924251,62.31645999999999,-0.6447200000000066,0.8661039769946626,0.3824130879345603,0.43149284253578735,24.85930242535787,16.766389182596043,0.5004920633452484,1.5550129962457953,1.1706873433537832,33.350006,0.042759550075696845,0.24721206310471922,363.950343049061,134.11831697554774,139.2636269079883,-5.145309932440555,19.04339629363246
5,77,250.9762609999999,4130.832960834427,4140.716936953122,63.38925600000002,1.0357999999999947,0.8677521255773085,0.40524193548387094,0.3870967741935484,24.454930735887096,16.47955218518125,0.44842099351348913,1.5633151919554493,1.1706137058467743,33.350006,0.042686683831717066,0.24489857000756812,351.49605476086106,129.45621359107864,135.09873045259906,-5.6425168615204155,19.44216319398984
5,78,251.98799900000003,4161.667194561303,4171.807137963748,65.8149,-1.6540899999999965,0.8725898288406814,0.3807615230460922,0.4288577154308617,24.509041769539078,16.545114988387787,0.482104898190028,1.6850188901447047,1.1707091523046091,33.35000600000001,0.03805178369401823,0.2434483082322578,354.0353654593087,124.740299620137,137.08984761821006,-12.349547998073072,22.508336187705794
5,79,257.04780100000005,4109.072455969948,4119.300421058313,64.366895,0.6817299999999875,0.8657153112557521,0.3937007874015748,0.41732283464566927,23.785399090551177,16.01092656552912,0.5102350205861559,1.5042878282122054,1.1706847043307087,33.350006,0.04638222143963357,0.24918473532809285,333.14738122859444,122.83898038456903,133.29475317414352,-10.455772789574501,21.04713637199795
5,80,257.0481239999997,4168.800237913514,4179.065193356642,65.48196999999999,-0.90367999999998,0.8764334407120432,0.41453831041257366,0.39096267190569745,24.056263214145382,16.238505198084354,0.46911455263675533,1.6062891114542002,1.1707098094302555,33.350497159135564,0.03995865199047727,0.24708377733337375,341.0910337687721,115.27593986942335,129.31772698072646,-14.041787111303107,23.49784232567981
5,81,239.844377,4262.628697327866,4272.798583968588,64.35633,-1.183749999999975,0.9187803434427637,0.379746835443038,0.39451476793248946,26.34918543670886,17.796919918897913,0.23235327163670336,1.4699004633503736,1.1708066746835444,33.47817055696203,0.02911115033349914,0.2621675297761152,408.74358234041233,151.29592440700003,147.51510107969935,3.7808233273006815,17.164370905974597
5,82,242.374263,4177.218288912734,4186.873407994092,63.6799,-0.8614000000000033,0.8967286013020876,0.407098121085595,0.4112734864300626,25.7770090605428,17.290167912027623,0.26761208215077503,1.1826404414830327,1.1737144826722339,32.709609340292275,0.03307747672194386,0.25968690995544425,391.4398842978198,144.76947232418237,138.11888171835085,6.65059060583153,18.87133378408848
5,83,242.881043,4182.46762034311,4192.030309483678,64.58885600000002,0.48618999999999346,0.8968226337419335,0.3991683991683992,0.3970893970893971,25.443503486486485,17.236744180044933,0.386337286890141,1.1557349926034701,1.1751035345114347,32.35052575051975,0.03736646920777157,0.2607431459964205,382.1479361588652,144.98358413649058,140.66779788963015,4.315786246860408,18.343721888097537
5,84,241.3630419999999,4170.429900745724,4180.292018036538,65.16488000000001,-0.3012199999999723,0.9162253273813417,0.4109014675052411,0.3752620545073375,25.433759385744235,17.2949259191049,0.24357165391859065,1.0610676295836687,1.1751898341719078,32.350006,0.03056860059385374,0.2549869025157898,382.7205111728222,139.38979970266212,138.10515769622612,1.2846420064359796,17.340256188796847
5,85,246.927643,4150.569547038138,4159.940143887836,65.43439999999998,-0.8138299999999958,0.879390178596701,0.4061855670103093,0.38556701030927837,24.75651804329897,16.804615895026256,0.3038576523954848,1.1949260312122678,1.1752908997938143,32.35000600000001,0.03737320931707837,0.24797413697435078,361.82407677080835,133.35231462651086,135.5378316407351,-2.185517014224252,17.015515131910508
5,86,256.5419500000001,4135.595829143839,4145.098344232799,65.40798999999998,0.15325999999998885,0.8503967429098619,0.3727810650887574,0.4181459566074951,23.795260506903354,16.16816308815211,0.46330640029662906,1.3432665337323053,1.1749019059171597,32.45158390927022,0.05283591386773961,0.24524430979482478,334.6044128185822,131.20807656901007,134.8262005661131,-3.6181239971030448,17.147984639966428
5,87,259.072003,4127.427304376495,4137.6647222592865,64.995764,-0.1585399999999879,0.8828247014537338,0.41487279843444225,0.41291585127201563,23.438744771037182,15.981154045296714,0.4139784506868024,1.2567867297245434,1.174206703522505,32.63278486497065,0.05529943502563357,0.2532095337337109,324.93248609122554,128.64445777701238,130.42300724656616,-1.7785494695537807,17.954766988274194
5,88,264.63772400000016,4111.950041089822,4122.429791900349,65.65106999999999,-0.9617900000000077,0.8850120893448276,0.4099616858237548,0.41379310344827586,22.995960819923372,15.56443872653121,0.5453136668765071,1.5099449987396987,1.1734249024904215,32.85000600000001,0.05739608586995286,0.2427952350044355,311.79372900067034,122.14870234824318,128.92790316256526,-6.779200814322095,20.061746337522738
5,89,272.22800100000023,4105.225866511645,4116.335338147313,65.63521999999999,0.7187000000000126,0.8609004415489964,0.41263940520446096,0.3996282527881041,22.327779972118957,15.096337670289763,0.5295617988397773,1.2564359326906571,1.1733891661710039,32.850006,0.06427359153163394,0.23807011405751877,294.2808884731592,117.74681285002364,122.87552630325233,-5.128713453228677,18.07157732097544
6,90,244.906019,4244.216963405025,4254.665683147595,64.68400000000001,-11.24042,0.9468147895169072,0.38969072164948454,0.4144329896907217,25.665137884536087,17.355197527456685,0.6089841743753167,2.0406092002894156,1.1695338146391754,33.82423280412371,0.014840881573597553,0.2554361932243456,387.9144112160954,148.18644398795854,135.5325462655923,12.653897722366269,20.66520664956975
6,91,243.38587799999988,4164.2217538557,4174.22884739752,63.130300000000005,-1.315889999999996,0.9000957983271785,0.4045643153526971,0.3962655601659751,25.477565609958507,17.11973960932012,0.7433515482761154,2.5050664660730386,1.1693204232365146,33.85052467219917,0.01509429632691471,0.24687475553048097,381.82745667045737,145.75786696509437,132.70217783916047,13.055689125933899,18.319006529370284
6,92,237.314,4195.97472061137,4205.935192445467,65.3287,2.224829999999997,0.957343956423617,0.4021276595744681,0.4021276595744681,26.02146290638298,17.73307258917327,0.36487581299328953,1.9667034512193668,1.169334585531915,33.850006,0.00711659502516184,0.2716869830192717,399.4311106854247,143.61015367664032,135.29248238117137,8.317671295468964,14.797980941691296
6,93,246.9310289999998,4181.851822351923,4192.398561081678,63.93884,-0.6975699999999847,0.9298599791125001,0.4139344262295082,0.41188524590163933,25.535240036885245,16.997860055233577,0.6547506237575281,2.7306280624630004,1.1694714967213116,33.850006,0.009486004703445083,0.2566146611837276,384.18937933141945,140.73260429178822,130.49374551362678,10.238858778161447,18.181825041726498
6,94,261.096475,4131.049772310803,4143.640328780461,65.67220000000002,-2.415079999999989,0.9630683464785299,0.390715667311412,0.4410058027079304,23.69726480270793,15.820148216022856,0.9262425922153389,2.7690026195625648,1.1689107767891682,34.00184352417795,0.036839969286440344,0.240398675055783,332.5357215845826,137.28354720868987,126.15770936704004,11.125837841649844,17.94812072074446
6,95,260.59004200000004,4146.087235095173,4158.982264970789,66.64988000000001,1.8971899999999948,1.0178871827959064,0.43859649122807015,0.4249512670565302,24.211644884990253,15.936029825517764,0.7848747934107305,2.49972669311318,1.1678498779727096,34.25643874853801,0.018479225019313362,0.2552425209038336,346.5203357723725,129.46804737213265,123.3294158688298,6.138631503302846,15.8627920842035
6,96,257.5539870000001,4169.828774641165,4181.187804613075,64.599435,-0.4914699999999925,0.944867408732353,0.41568627450980394,0.44901960784313727,24.5304070254902,16.206911297642193,0.7804850379463228,2.6947027973025404,1.16657999372549,34.60000600000001,0.009924270926975237,0.23969043939019039,353.93819385092183,126.28944034221227,123.81464697239446,2.47479336981783,14.962499998806557
6,97,261.096135,4170.771582710917,4181.5473571790935,68.092575,0.6130400000000122,0.9288391643514563,0.42330097087378643,0.4330097087378641,23.999994974757282,16.00655627819727,0.817928780899557,2.270080464622697,1.1658693003883496,34.72621959223301,0.020126232036667864,0.25892438321567113,340.7938241151546,121.78050983211973,120.16552470031294,1.6149851318067832,16.886392106873135
6,98,250.976311,4175.2865552655285,4187.439883775774,65.249445,-1.1150499999999965,1.0078177617189898,0.402020202020202,0.43636363636363634,25.038195228282827,16.66359880068177,0.4366842099746224,1.8458585591244465,1.1653095288888888,34.90808680808081,-0.006034490237233731,0.2577029710135406,368.2934323941917,114.20295955420238,121.21422127136076,-7.011261717158367,15.8403586806409
6,99,230.736815,4275.009903983429,4286.720696010186,73.21338999999999,9.62333000000001,1.0895922209394748,0.4485776805251641,0.4113785557986871,27.879182452954048,18.586549680418326,0.28779637034187605,2.5187354306557763,1.1564675238512034,37.30624232385121,0.010021505268743186,0.2986558300078655,454.654395811458,155.07211844549158,152.89095906147028,2.1811593840212917,22.0137142987658
6,100,240.856001,4192.2535708153555,4203.138581108938,66.71857,-0.6341599999999801,1.0204900421056724,0.4264705882352941,0.44537815126050423,26.360755590336137,17.43130467336819,0.6031220213053937,3.1329951256616804,1.156697762815126,37.1735354117647,0.022485380560367706,0.27948461850082945,406.60789728079783,146.4270970175197,147.51669882525917,-1.089601807739449,17.472760805594486
6,101,249.457617,4188.814382630082,4200.287467469378,63.648179999999996,-0.43334999999999013,0.9836823975283366,0.4482758620689655,0.4117647058823529,25.85812653144016,16.853744688492153,0.8237496912850122,3.0370841355604177,1.157023743407708,37.100006,0.02811982313471202,0.2671695993896396,390.62430411411844,147.1585279287589,145.173276640097,1.9852512886619271,13.949373236267217
6,102,246.4219579999998,4172.996263682271,4185.59829949565,64.74210999999998,0.9036900000000117,1.0281027773457905,0.4086242299794661,0.433264887063655,25.97715055646817,16.9683096630422,0.46543160075958834,2.6219140885384515,1.1565162650924024,37.19702858726899,0.025289089163808245,0.25840895505472644,392.58839743099213,141.4749991504912,146.13822836944453,-4.663229218953342,14.42315290855323
6,103,235.2899729999999,4246.634530164577,4258.243190907101,64.72095999999999,-0.30124000000000706,1.0163013235827956,0.3935483870967742,0.41935483870967744,27.74830589032258,18.103997873255636,0.25486637715405097,2.968327139302829,1.1560376690322582,37.350006,-0.016817990398655763,0.2836647419231822,449.9932592690071,128.83157801659735,135.02540339193035,-6.193825375333017,17.18360836208505
6,104,239.8440259999998,4199.944188192454,4210.325444233878,65.64579,1.738650000000007,0.9603057956963559,0.3983050847457627,0.4279661016949153,26.55690686440678,17.515396355745498,0.14059076875001583,3.0588029037074684,1.1560255637711863,37.350006,0.0037713918073147223,0.26134210328846164,410.99994456777614,130.96667097769787,137.90295399851718,-6.936283020819304,15.025034319681005
6,105,238.8324050000001,4164.584295151808,4175.16373322197,63.20955599999999,0.0634200000000078,0.9908363121820931,0.41226215644820297,0.4376321353065539,25.98745523255814,17.488612251427057,0.6380174445925737,2.7167550006918897,1.1559573896405921,37.350006,0.008370789109805942,0.25948382447663454,393.6077122668848,124.85025875210387,135.80561119406218,-10.955352441958306,19.153533179113786
6,106,246.9280009999999,4141.867604092126,4154.233665810827,64.65225999999998,0.8825400000000059,1.0361504112983537,0.39300411522633744,0.44238683127572015,25.524843958847732,16.79517564714123,0.46182426075587735,2.1556178057830366,1.156616054526749,37.17202246090534,0.010755243144730328,0.2625609392547831,381.8241577498114,120.4981585301179,133.80694445857296,-13.30878592845503,19.8700371839932
6,107,271.7216429999998,4133.247382796853,4146.154491075451,63.65875999999999,0.681699999999978,0.9645896690716945,0.4227188081936685,0.43947858472998136,23.625112117318437,15.226225952176538,0.6037756992158859,2.7220425324396023,1.1566160180633147,37.209875646182496,0.048253148281769194,0.24737173056139958,328.1222295362009,120.08240194838886,131.30104726830453,-11.218645319915673,21.18799748396943
6,108,231.2419999999999,4229.407471963023,4240.063491901212,63.23598000000001,1.3792899999999975,1.027404016198559,0.4192139737991266,0.4170305676855895,27.651346211790386,18.356522048951604,0.16492697347701799,2.4898896340914174,1.1532654176855894,38.059612986899566,0.002925430434138353,0.27979791847207236,443.4502358455792,152.67230927406683,146.311417548417,6.360891725649857,19.57779368653912
6,109,242.3738689999999,4164.558541756251,4175.341458681825,63.39452,-1.1890399999999772,0.9412254801279749,0.40083507306889354,0.37160751565762007,26.94927406889353,17.18777856092682,0.8486477123456104,3.4269136098554953,1.1581629465553238,36.761279486430055,0.015254237492057381,0.2590543192410588,423.8136349984653,146.70088220856007,143.30729812669853,3.3935840818615737,16.25976062315439
6,110,238.8318889999999,4245.123146782644,4255.480139118668,64.72625999999998,-0.591889999999978,0.9761059173169915,0.4258474576271186,0.4216101694915254,27.693125665254236,17.830470782103166,0.327932412657926,2.110274541293204,1.160230229025424,36.176277186440686,-0.009994396752048669,0.280926267892589,448.74512344668756,140.7926205238722,138.16496875326513,2.627651770607071,16.093176010430366
6,111,244.3982540000001,4164.741587245334,4175.009167397398,66.59172,3.715089999999975,0.9356936801880991,0.4194214876033058,0.39669421487603307,25.657004489669422,17.099147757511048,0.11318080914205891,1.4364724076789124,1.1606372454545455,36.06901426446281,0.025387609877543956,0.2730109163480707,385.1132209906711,143.3772687738549,140.89208302517568,2.4851857486792173,13.818917474607531
6,112,254.5179399999999,4137.5761600553,4150.830713033037,69.67269,0.38577000000000794,1.0091962370222223,0.4246031746031746,0.41865079365079366,24.939731636904764,16.32514127559818,0.6067703748058396,1.7199716980445692,1.1606157623015874,36.0265933015873,0.031024160472226586,0.2693837331038363,365.67131125813466,136.7960817026149,131.84221779354036,4.953863909074596,17.76970117615022
6,114,252.493826,4169.867306138958,4181.8489813627075,67.91291,1.4691200000000038,0.9580212463348,0.404,0.442,25.510355153999996,16.593539090464816,0.38452636090560577,1.6592191912400884,1.1602087974000002,36.100006,0.011869994335280928,0.26696583662640033,380.3114961823682,126.95376853204263,130.43351711940767,-3.4797485873650174,14.694530500180823
6,115,250.97591300000025,4154.849578432825,4167.461594933706,66.057994,0.348780000000005,1.0170050512283402,0.4109311740890688,0.4352226720647773,25.097456076923077,16.58361362554811,0.4330636623514332,2.121393172063306,1.1603308129554657,36.100006,0.015886391997107306,0.2492736988977742,369.28295202460885,123.68329810913542,134.02062154298852,-10.337323433853083,17.69220791566272
6,116,246.9279019999999,4181.091131292662,4190.953452264007,64.308764,-0.8719699999999762,0.9104293338661885,0.42418032786885246,0.42008196721311475,25.40176726434426,16.977844054604688,0.13914447055767196,1.7310228625441593,1.1602380368852458,36.09488304918033,0.00805155776720584,0.2583527633423247,378.03251223191563,116.45187538023252,124.94228629010622,-8.490410909873695,17.374602475857092
7,117,255.12621399999992,4287.9507199555155,4297.266351696918,67.53241999999997,1.3660800000000108,0.8208038293878969,0.38095238095238093,0.3630952380952381,25.438121545634917,16.84578366088166,0.5226363031848882,1.5175590501438527,1.1208632236111113,35.30040282539682,-0.05856688667050319,0.2425068042994438,363.99648030462106,173.7778119785829,123.95711835225423,49.82069362632865,57.81090986232701
7,118,248.02631799999992,4164.4698498615635,4173.364378053177,64.86104,0.06870999999998162,0.8298365564696537,0.41140529531568226,0.37474541751527496,25.37138128105906,16.820137029978415,0.7321827122291966,1.9182358963616715,1.1233508753564152,34.56181862729124,-0.05898741256138456,0.24005395606718274,362.7122824635341,169.67792180028982,119.98623113379702,49.691690666492796,56.8345175385905
7,119,251.55121800000003,4151.482128365236,4160.552514426163,66.03421,-0.1559000000000026,0.8214449264378112,0.3895582329317269,0.37349397590361444,24.82209281124498,16.52701038866594,0.8283337581801533,1.6391435631920421,1.1253548851405621,34.0206887309237,-0.05648733396344747,0.23160425232110163,347.7146354004179,164.23675344573547,118.9453493294467,45.29140411628881,53.102394971367126
7,120,257.62799800000005,4139.961919220092,4149.1977883432455,66.48604,0.3435000000000059,0.8112461356284314,0.403921568627451,0.3627450980392157,24.287692090196078,16.131574704905876,0.8001824631982494,1.7629694769796322,1.1259202084313724,33.85000600000001,-0.05214154620076062,0.22399627991510962,333.1961882133999,156.31124213976315,114.82299068675322,41.488251453009966,49.217353612039794
