campaign,flight_num,pos_vx,pos_vy,pos_vz,pos_ax,pos_ay,pos_az,speed_horizontal,climb_rate,roll,pitch,tilt_angle,headwind_component,air_rho,air_ambient_temperature,true_airspeed,wind_north,wind_east,ground_speed_3d,accel_magnitude,dynamic_pressure,airspeed_cubed,climb_positive,sink_positive,headwind_x_airspeed,load_factor_proxy,sin_roll,cos_roll,sin_pitch,cos_pitch,t_sec,elapsed_s,log_elapsed_s,time_sin_10s,time_cos_10s,time_sin_30s,time_cos_30s,time_sin_60s,time_cos_60s,time_sin_120s,time_cos_120s
4,54,0.1586805499830862,0.15537302150658838,0.12189684027411327,0.11756879319088417,0.12899095088354923,0.08892944923408147,0.5875506519986239,0.17108081076773057,0.13847625195785523,0.3265719483560309,0.1270019542003229,0.09467695536822496,0.07400628910221942,0.09935985251491398,0.11416634404875457,0.06045752722752093,0.07318805878092716,0.7393148161124103,0.19150764439822276,0.17636725791423638,0.13230581834118874,0.14518939878929843,0.10397810301334856,0.2172977374398692,0.18054945409946435,0.15211020484877463,0.14777141531359364,0.3573386941815687,0.09137845063717817,0.1517320099207663,0.19838863084704947,0.3559710591220541,0.0749071617805876,0.06321831062735421,0.05804337257570754,0.08024850664091843,0.059030721910058155,0.10238864261508566,0.10853845763028314,0.15716796471594646
4,55,0.1522471581491634,0.16575357496852855,0.12669952556324907,0.13011009839559023,0.12487798905176808,0.1039426254684559,0.5589852061486442,0.1923029553452833,0.13509663793572937,0.4373523653184543,0.12753355928085608,0.1259507553003179,0.056446522926306225,0.04968301201174661,0.10280218379372062,0.0476450636163146,0.08440831209225601,0.7129068144168225,0.1786109092951891,0.1832644924459006,0.13669812253578298,0.13282484277404744,0.11597493035286822,0.24762101815512993,0.16141667628002132,0.17180827162479173,0.11821360352229392,0.4587073050331437,0.12325408386587058,0.16641899502433877,0.19345373683121464,0.33402842344525435,0.08417769995468141,0.0667413624520638,0.0693597545871566,0.07446930327446459,0.06871131368601975,0.10651221728840153,0.11627244924682108,0.1463163334845311
4,56,0.1306368909294136,0.1463203252253022,0.12479337793855816,0.11931221186319395,0.11225330477075601,0.10566041999537319,0.6061927546931986,0.2011623676143403,0.11056845625690398,0.45087794722066976,0.12071672854859436,0.11441152634623636,0.05661231414146918,0.027467785322606533,0.09421053279265076,0.06551628519954941,0.08266598017174556,0.7549605181229821,0.16725817554582723,0.1740815435060899,0.12746623860122197,0.15103522929087831,0.11816819282931808,0.21176564899728856,0.12813961270203594,0.14668846085307913,0.11537069084301323,0.46665488477001726,0.1311671989765637,0.1695808675487244,0.20017580525276657,0.3525201227645129,0.07845081358046385,0.06349335050249597,0.06175493238405946,0.07320231824059047,0.06455009934263954,0.10452956567573626,0.11647853669140831,0.1351356350597705
4,57,0.1395406707578109,0.13830751110908301,0.10447890400792068,0.11422648118002318,0.10350757030366496,0.10041933468395053,0.5187508725474015,0.15193666272457146,0.10687869281175434,0.30915041470788,0.12887180814777313,0.09860162204132839,0.06059598703443644,0.025380285148013052,0.1016514985980047,0.09097606295703979,0.05484650876576676,0.6455078856047238,0.16406265490009309,0.14151154868253643,0.12056451930868224,0.11969952530110192,0.10487132955643523,0.1773743791253644,0.16015479608832148,0.13436619721372636,0.11477775135842634,0.34699048942605754,0.08857498401848875,0.1294244572316775,0.18645400312500404,0.3090086900953293,0.06458283532620925,0.06125714488550377,0.04878241251459669,0.06694369362135737,0.04932247104103396,0.08271165899476565,0.09736803703935877,0.13719284091906075
4,58,0.1304946689881591,0.14817782243830208,0.12220202483565737,0.12355766757941276,0.12597586416549003,0.10111048181991714,0.47561530745064484,0.1654947455962913,0.12960990566657474,0.37389265048050435,0.13453209555321283,0.10949030448482096,0.06544169056102911,0.025245752303014703,0.09077205997652256,0.08865244361811905,0.07181693475565987,0.5830324635458615,0.18002264624892153,0.15666049595279458,0.12910668977704057,0.12872017262325536,0.12497883280015913,0.23072637602868115,0.192020851291746,0.1763981169109714,0.12242210067155491,0.41084636592646673,0.1417551172644565,0.152718577061616,0.18401181816332549,0.3291726326201347,0.08243555344067297,0.059537240694404185,0.06353505482873878,0.06975460863274319,0.0595322392400291,0.10649380414154205,0.10389686973340215,0.14893681980218745
4,59,0.1403323290653432,0.1470516702819072,0.12475650587226209,0.12697289449838975,0.13584157425260435,0.12869785263663625,0.5309959930133573,0.1844137144561385,0.11471011686608194,0.4080981852931111,0.1259114043221006,0.10705207113197146,0.07093691127694525,0.028738227137670592,0.09870782694581115,0.053762445848022075,0.07574185008710954,0.6644641990659288,0.18623631827001003,0.15352973774745035,0.11547737795570613,0.12868982805836604,0.11777925641034477,0.19000534623195134,0.15097351606862724,0.16848894110840584,0.1138041088581726,0.422938783990487,0.12091033258271035,0.1574275943443872,0.18623905162738594,0.3257547404326108,0.07618640477305103,0.06028417763629111,0.05099425923801002,0.06739173026209945,0.05078260652867761,0.09920716378437056,0.1016978584812805,0.1384137492049191
4,60,0.1514393912834536,0.14320555454986025,0.12240835809050105,0.11981881021022486,0.13602006861342444,0.11664685482032526,0.4574628421933895,0.1798367436828584,0.12723587501484165,0.4465609042546781,0.1185583976803829,0.08558060151939054,0.06872399365767895,0.0337261856069054,0.07182613386756125,0.05675358767122364,0.08495362380409018,0.5859329654354333,0.165244258554986,0.11335586321017314,0.1008497761726286,0.13918159606875682,0.11723616570854804,0.16522188193710552,0.15030557360771904,0.15785956405230106,0.14174943454926348,0.4806133007989475,0.1562565790281851,0.15894954803261102,0.2118627009519575,0.32780087510178324,0.08276604353605439,0.0643685236440531,0.05722095215430137,0.08328179111631547,0.06242865798188674,0.1081993220929401,0.1086809008346307,0.16088730288601444
4,61,0.1103545209868386,0.13346390129988464,0.11144234558264823,0.10454358926895858,0.09841309437976697,0.08511050601937956,0.45616831059548496,0.16443589265436667,0.09309300632779383,0.3966824571426815,0.0981628798745188,0.07926318741812809,0.050536606284011625,0.02145656322653834,0.08825565532764362,0.07700852085839865,0.06009613021792873,0.5742559163374056,0.12466846765205875,0.13427396696995353,0.10272727415539169,0.1118514192790837,0.1274536659874799,0.1531069646563004,0.10799527991021965,0.12339588257326811,0.08056671256331532,0.4026973493945307,0.11096426297962085,0.1453456315206201,0.1963456187641421,0.32367306568229864,0.07086851189142188,0.05326032496683817,0.05566424972269736,0.07066742541984505,0.05500964259083516,0.09931571215073537,0.1120596757343589,0.13875926601821345
4,62,0.11279692545979277,0.11170486126524426,0.08820332182754285,0.10429768913382705,0.1083241601457583,0.1003459024391086,0.4746225158104712,0.13428462708488365,0.09850044557922677,0.346765158146164,0.1042418108554164,0.07174350009248702,0.059999545309010104,0.023502344069698197,0.07942164686505453,0.0687739952287385,0.050071116610884904,0.5946632041500934,0.15818095158347822,0.14017824501198275,0.10882172454056221,0.12792034999214497,0.09647610640950391,0.14388399237900745,0.1301641949036768,0.12329342174605963,0.11359654462575713,0.37433408475220686,0.10241510371219585,0.1501625901201518,0.18594528300313987,0.3121893215695607,0.06520479873773989,0.05174713570867096,0.04612018614044868,0.06317530545003307,0.04743799685653802,0.09034683170756913,0.09853556197920472,0.11843490626420011
4,63,0.12441691052253269,0.15519759310237996,0.10752848790504563,0.11059632646295676,0.1340451526615899,0.11928374132556557,0.41834337593989535,0.16902759757425617,0.12072828400132883,0.38118024101237,0.11724565665313132,0.09610779837682817,0.08092800758859751,0.08198541994096203,0.0714735487660133,0.07433829487408253,0.0631474436168795,0.5185344666299935,0.1481044235848555,0.13951970299690283,0.10937870848561256,0.12794022073635228,0.11771781989203801,0.2182978332025553,0.15224043966286804,0.1754465038120789,0.09698207417562121,0.40635570088662587,0.15345090229478556,0.15400319717614686,0.18167458902620573,0.3419993180145402,0.07287879607548559,0.0648329907895153,0.059888448124517046,0.06992064179912803,0.06401123559176959,0.10814301451337524,0.11105074689917149,0.14412519421801648
4,64,0.14433653514345532,0.14265668678024893,0.12675991896922517,0.0980293638042289,0.11677148260109438,0.12061216455819943,0.569907461270997,0.18742231066692164,0.13225840226645258,0.38297185537395845,0.1277813765860718,0.11144766122308562,0.04310501756286455,0.02916402178365792,0.10635270008516574,0.06608492614459138,0.09460390112526616,0.7149263601784208,0.1687494471695237,0.18370789355071865,0.1648412605390291,0.14054282980898788,0.10527982393542662,0.22634421021404832,0.1418867753896783,0.1570690193355513,0.10798870329802619,0.41777092186550596,0.09009004743913376,0.14506551136554338,0.17353424597928646,0.3078632775184147,0.07165138635639978,0.06467870234652065,0.057557828851479,0.07454744137185708,0.05804592124356215,0.094222017210875,0.11180815721903076,0.15379798829124708
4,65,0.1369534829172372,0.1454279331894532,0.11056445646332283,0.13854399710680868,0.12284723288559819,0.10984918854017055,0.4361515726604562,0.1707813110010849,0.11624458762320272,0.35372002122694324,0.1278829087970661,0.1011992471176667,0.055843634745658614,0.02624247084065666,0.09551161467098934,0.0701707153492754,0.07284310597264566,0.5524684930432592,0.1751125303845527,0.15056719279008465,0.11346658650514158,0.11479984000005733,0.11372894077348955,0.20579244840177924,0.177661296050883,0.1571715176482847,0.12727251797054484,0.3888931909619827,0.10560279277551629,0.15666020149293797,0.18710780991639767,0.3285580241373471,0.07363512828479081,0.06270053553226995,0.060926470617159556,0.07816372780472644,0.055218413561614874,0.10882083295088801,0.10777817026546586,0.15847107767933571
4,66,0.13235360985907302,0.15807162890638252,0.10507754073600999,0.12940720093242303,0.1332223343401839,0.08933811797254196,0.4623491078049781,0.1717229993010895,0.11743808894064603,0.449908553529674,0.10244453661116612,0.09523161957201373,0.06614542540922148,0.03704575885326588,0.0843262742451326,0.05663337430511348,0.0641675414472082,0.5896028254940676,0.1904552137890943,0.15590317416154606,0.12213398810461425,0.11919907558486255,0.12739039517144277,0.20486887685400837,0.14683275665880674,0.15866444929023427,0.13137754654008743,0.4666417671300463,0.13311192498592742,0.18382011344393256,0.1855119499351321,0.3334299992554306,0.07746404949510424,0.06283937014766341,0.06252599220647864,0.07895868766420268,0.06557408868743203,0.10379890493934785,0.12306875659922306,0.16130777506379987
4,67,0.10984904527596064,0.1378461061460092,0.11067878266305413,0.10655610768237897,0.12160196869633386,0.08815809612611919,0.4414954810627672,0.18013485628429357,0.10989624160452476,0.4711069557784862,0.09097746745802134,0.07875692869054507,0.05839526660454458,0.038016284101508736,0.07139596722293405,0.06551497986865461,0.05613842441244993,0.5553807412951317,0.13488999335122015,0.11985135272243026,0.1060609722623903,0.12087312249992019,0.1282543936424526,0.1623001405026729,0.10513524378017959,0.14406459012495337,0.0962566353441246,0.4690736023719728,0.14277375901442502,0.17289649804776963,0.19057494520598206,0.32298106458062076,0.0735089943161081,0.06088561787331096,0.05855449486801221,0.08223644292379768,0.05949620503252816,0.1017255210380125,0.11084431992074593,0.14540162402122914
4,68,0.13930694919563466,0.13269930500285607,0.10873192374983008,0.11108173876105377,0.1277644289568167,0.11325492249851783,0.5128435928186756,0.154336783035453,0.13880299081122446,0.39597816088777493,0.11798519810691646,0.09460349796840248,0.0612575709516411,0.028868669416993117,0.09713937902434493,0.04858995524589966,0.06581385828382742,0.6407530412048789,0.20059180258748302,0.17210676434531125,0.13781551473767495,0.13438132026644517,0.11170819814415373,0.1920870812464537,0.175154140836555,0.1649955410391977,0.13127556664069728,0.43228021329356825,0.09959600918768705,0.1516329912467557,0.17818636535236654,0.32675083612832545,0.07239537656345343,0.06086119026965047,0.05685315842996438,0.07800257091840256,0.05598094361102951,0.0914565546873418,0.10162899961924712,0.1501018697448584
4,69,0.13232539384429487,0.13926169521847329,0.10611231400464473,0.10883051195879284,0.1143838647687231,0.09357657007860234,0.4582838368721358,0.16713029794463888,0.10176831208781363,0.38455326610032226,0.10522421243366174,0.1195649508110255,0.05801059495787819,0.02890484010454633,0.09459175185610337,0.11117146164146231,0.0936956022570935,0.5931959145941069,0.16435339138292554,0.17471958630938406,0.11307719701839322,0.1358883071548752,0.10495612200907457,0.25707857036341714,0.12095830472467926,0.1490986150399324,0.09111072900703888,0.40923790025990486,0.09556804066993849,0.17631103911688847,0.1819165194199256,0.3253643383873049,0.07156417572492592,0.05627730342664262,0.0577022828147373,0.07201751958759924,0.06014591076499167,0.09742829929128534,0.11834195301081978,0.14147039714045417
4,70,0.12163481714912236,0.12336336125840709,0.10481912130103513,0.11181013312293235,0.11097216925815816,0.08734856128547522,0.44179532962090595,0.1681845121693917,0.09326663763583357,0.42355863899410884,0.09552712495931272,0.10100507196098625,0.05670916309954634,0.030987754177422694,0.08225245922453708,0.11074435715357224,0.0698746670193418,0.5648186588226016,0.13927639505446984,0.1493030058658539,0.11049249855223263,0.1403536525358874,0.10795749336526574,0.20076398323881478,0.1190528613676671,0.12717446158575943,0.11429306047518518,0.4314285456521607,0.14750650080767957,0.16700368740193033,0.17946375500932765,0.3157209420924721,0.06928395668409515,0.059705084078994594,0.04878792349836616,0.06583941623534889,0.05775027830397878,0.09178810446183969,0.10672268174977745,0.1243330525930593
4,71,0.13356739143253232,0.15019424651990934,0.12672420198069884,0.13162801685302725,0.12035424899635093,0.10040000573992021,0.5545636531488909,0.1860692589073166,0.10318159794290599,0.34524619844676613,0.12311030702792247,0.13081993342569834,0.06641671788046269,0.03141368903615216,0.08685875082790444,0.0746525805619521,0.15507145277293616,0.7113360799585744,0.1599003964384251,0.1388341447004126,0.09458267311690187,0.12498161423495013,0.14169113172511297,0.2811349219793104,0.12964297492035814,0.1708097244527962,0.09748972008113978,0.3617305256588138,0.11761284344402584,0.17551810786358654,0.18371810826615426,0.3308108245775457,0.07929882083511991,0.06558440171073371,0.06557286675842762,0.07597229255194057,0.06742870945603305,0.10815385102014971,0.1280280396174091,0.1557198545853036
5,72,0.13167388893890317,0.1560840283947291,0.10986418252695888,0.09123532185503222,0.14996634669572403,0.07248637128584301,0.4856841788541824,0.17713974523264933,0.13756711700005095,0.35056866838394224,0.09452014166342045,0.06476894278249119,0.10672363887884737,0.07377241702429935,0.09993477725878898,0.1778261409991045,0.15424287149070365,0.6128808977516893,0.13884684994908014,0.20092685380700454,0.16733245606031788,0.11929743361380582,0.11235034129989195,0.1257759026181954,0.11999644641644057,0.18635328943939028,0.0878184304139639,0.36787765861601973,0.11795828934094993,0.13840363923741564,0.16392915117048287,0.31377457945866355,0.078628479344162,0.06049309742901953,0.06228464714815783,0.05742872136341434,0.0683983095303606,0.11278567907770966,0.10978798688761933,0.1605547311350375
5,73,0.14073607661403606,0.14137152053283444,0.099503005340628,0.1105045346761479,0.12501682954841326,0.06589633837166682,0.33319644526304115,0.15655184431973262,0.13823049021096842,0.3655137882470591,0.1150523306515889,0.05775191209807928,0.13125852369964663,0.08705510184729232,0.07484967960990845,0.18684288775203187,0.199520820363222,0.4161681199049975,0.16295492526735547,0.1347670672453536,0.12275881044100248,0.11562534796335726,0.12053589831988179,0.11262483289049884,0.17060852807606394,0.17735962748388298,0.13006638782932134,0.3884386712682093,0.11869072631940666,0.1397798896727685,0.1604460212972002,0.3106607659403963,0.07377275322150809,0.05404666201161324,0.06458557276597228,0.06176455803036787,0.06290900714026779,0.11107744521829747,0.10562877013705808,0.16864438887503452
5,74,0.14601897247380613,0.1435610947551324,0.11684447378604963,0.09372002814358808,0.1356642171094013,0.07767040046818148,0.35427395488521624,0.18018731846191965,0.1228206980856529,0.39287672791576184,0.10726766581580421,0.051435836435727876,0.15670031802219547,0.12103118269121713,0.0788147009981266,0.18684706201153245,0.17886285963971013,0.4481109453282053,0.12528427336032616,0.14988025675934616,0.135380906139426,0.11146890594794819,0.10986907327491667,0.1081045154718778,0.1167377412449094,0.1687736852039889,0.086019783358208,0.395217644011936,0.12179844781819113,0.14068580126877528,0.16427412186185583,0.28800451247738257,0.07618728316566667,0.05885531108874178,0.0641823727596961,0.05800971637326218,0.05918954891219054,0.11644293530516667,0.10961064450914915,0.16582733885059506
5,75,0.13255917941286421,0.1242524837721643,0.10058681766483381,0.08667496524236172,0.11621040375544942,0.06998192116184149,0.265622841993024,0.16540587822961703,0.10768363513711397,0.41275052114271704,0.09377366214522512,0.05060476869412954,0.14403561535900605,0.10827639298619396,0.05036485234677748,0.16398757810205866,0.18662608863362273,0.32685589076917804,0.10675850100505288,0.09298029130228419,0.0806737491304928,0.11137961929846006,0.10344395068683354,0.10151432608235306,0.09544316921356641,0.14812237117922758,0.07638884401316196,0.4415331473468155,0.14868352437998839,0.13079339880070615,0.14982617621346117,0.276530558049938,0.07110222080232602,0.05292854175168723,0.05422459722102921,0.058130652967442464,0.05290969848106785,0.09769931401145755,0.09619270705893651,0.15734719694934599
5,76,0.1240123083561713,0.13883672489897303,0.09121971012585803,0.08980226950828366,0.11733772824558732,0.06963544315430464,0.2500472562194899,0.1445242013932806,0.10941004604839993,0.3277730336016837,0.10763643850528215,0.04455961710560111,0.15835670589303555,0.12102034257544017,0.06133189469204947,0.1815374716964869,0.17273863965365346,0.32085062907211,0.12008551226044606,0.1113794330503177,0.09424105616001412,0.10929352411716924,0.10570067677115573,0.08473193413563361,0.11481248556017422,0.15244098404782902,0.08324346966052178,0.3413223458800774,0.09718746917482933,0.1398397438324966,0.1592766656181713,0.2893127789344827,0.07470650852681529,0.05576148036782302,0.05328328200605014,0.06277378226282879,0.05798965286897887,0.10880402851229383,0.11104470274551907,0.1649626420646579
5,77,0.09567406984067228,0.10901643595922846,0.0864839865257481,0.06942489447393485,0.10182140293505905,0.06647089732626381,0.1693332874751656,0.13663502751086834,0.09430486736991925,0.3344089600694653,0.08833203904754625,0.038607874386754185,0.1503847499112471,0.1049758243243463,0.04480310486069363,0.1755399148123117,0.13546319001616694,0.2100098706097485,0.11691843907888479,0.08181722719815834,0.07735448361452711,0.1027640668215574,0.09077758770192045,0.07864618196181064,0.07893645525325813,0.13459171716563428,0.08239887592386064,0.35160897607150093,0.11456303234694985,0.11975964212741035,0.14192732969552396,0.2841554573528933,0.062372863366567825,0.04551761708575695,0.04606271614637951,0.05145484638956009,0.05004368812635764,0.0878308826829284,0.09201003338881839,0.13341877920151843
5,78,0.13013513151852787,0.13540731926870203,0.09018284732312648,0.09717821780342749,0.1315723249221273,0.0738826969955276,0.28412484900642015,0.15633844063377747,0.12671969289001658,0.3629013886069279,0.10810389477024936,0.0568855632994539,0.16381258877162402,0.12066600519275691,0.05825819742334518,0.20476103361765852,0.14843919786457402,0.3601230790915426,0.13114935186369864,0.10378105086470782,0.08741140876037529,0.11541441388468399,0.11069471826661635,0.11128236791303349,0.14146779646327284,0.17492344305628182,0.1031717914029053,0.3937275975126358,0.10566504624359457,0.1576709771005945,0.17094461089434151,0.2996259504615038,0.07656302096342492,0.05251967037173499,0.06001725161433301,0.06019469161725216,0.06240901897295007,0.10045563105223432,0.10131865981873568,0.15727860236527427
5,79,0.10852483158808508,0.12835401797930654,0.08197439082086991,0.08938410379581335,0.11049028116011196,0.07534717670415297,0.22803801571424226,0.14400530061320796,0.1254824286159005,0.3910406146553877,0.09116517025649327,0.0487004032510366,0.1637713187028536,0.12160075520725884,0.06311134051752251,0.20397582611259485,0.15122969798206462,0.2845486672910625,0.11734453816196605,0.11351452839913652,0.10587093792024073,0.09882139907553976,0.11461211585063204,0.08615696208529063,0.11901206928625019,0.16257830432371045,0.08319502431291362,0.4146579056912231,0.11796597633811672,0.13634930395693254,0.15458928115274861,0.32223928980051997,0.06928355640339424,0.0531812769633431,0.05133747638621493,0.06796379895296771,0.05465633321939542,0.10324185314597181,0.0988641375432285,0.15801076990947627
5,80,0.10267263440083614,0.11921647913012674,0.08502959809475148,0.09032143762555866,0.10134723094741446,0.06940907978886245,0.22126262426759433,0.1385086117313576,0.10311352728467843,0.3681679239413394,0.09087134227989654,0.05224127197253947,0.15704928434239232,0.11166300286927136,0.05762936828127198,0.19876230225866132,0.13498394899330232,0.27978249781637543,0.11547018471428926,0.10015724878347887,0.10371360727210648,0.096219406307853,0.10892434574385244,0.1068261789344513,0.11401108525882772,0.16198002213107965,0.0748131512879197,0.38274761241907684,0.1239780706151441,0.13527510671523,0.14576433383654472,0.3022960318744338,0.07183213848065897,0.05294502627385567,0.05313698068278049,0.059942013102791694,0.058900187906511775,0.0921577782799266,0.09558441074491732,0.14206096846677968
5,81,0.1362685341928215,0.13741196687817564,0.10321386199498916,0.08705884475828402,0.12331486489457073,0.07677461980073612,0.32586801136047155,0.17209617583254935,0.12289047620289176,0.345355520335559,0.1024523939940304,0.055654222030842915,0.15890245560825847,0.11465583823935659,0.08057951332016672,0.14915730998628177,0.13701949093649698,0.4042880247591754,0.13804010151900964,0.17139395633349097,0.1342144663392043,0.12373713196451433,0.11284007818913214,0.10304807104355214,0.11667085123012011,0.16286698372590624,0.09379246182391424,0.3822185297043624,0.10573255811222287,0.1324370550998345,0.14793544036967526,0.28396033355957495,0.07233334954653134,0.058463148354403825,0.059133780541288906,0.056848873948479366,0.05370562658300991,0.09902098134625532,0.09472985255881791,0.15242334135312932
5,82,0.1180594961275626,0.1359982682843359,0.09757594567211433,0.084479282472542,0.12718752208683395,0.07838742421851413,0.2755202161332618,0.16876651078688432,0.1237937382431779,0.3540908813570753,0.09210421785504978,0.04677962076606576,0.21413917561251747,0.15984988239676928,0.059968915208113906,0.1522723308924449,0.17250041049916537,0.34068612736044923,0.13232689807653186,0.11800501697183649,0.09645871118994889,0.11298325817207983,0.10537568260911859,0.08947008178048826,0.09891928564794365,0.16836098465278987,0.08538391515315381,0.3655861229560785,0.11278616298492164,0.1314338783488911,0.15281071382025038,0.2859405536923663,0.07594234219072524,0.05913966430387718,0.05571828087158452,0.06007624786865788,0.06087880528345234,0.09922636555074485,0.10087185005033732,0.1569659893641771
5,83,0.1503966257157738,0.14216722817376048,0.1070612223462206,0.08411098658661224,0.1285074763463324,0.08413356841825474,0.27604720135031935,0.17877364117308614,0.11994994580633046,0.4071302039418826,0.09375563025495312,0.045547286122690614,0.2395157011901527,0.18752187053611347,0.05743629105359607,0.14760765160880465,0.1734781745877707,0.3479091134926852,0.11817766935145868,0.10289747919257812,0.08824689830202187,0.11454886715301738,0.10553838340299647,0.08823312156601582,0.1031716335616822,0.16076443971465684,0.07750400230638008,0.4184918250908373,0.1286265990396204,0.14955728017844877,0.16945340282252921,0.3123338084181227,0.08054567551678288,0.05503606567905385,0.05778851195314175,0.06531764347107609,0.059741565657214835,0.11498344724055878,0.10715180110051041,0.16030557622756025
5,84,0.15601127076105875,0.15424812578367228,0.10754513859366756,0.10477753855492206,0.1317416963469197,0.07499574591603604,0.34692971872322204,0.17850009073691198,0.12645091202043274,0.3952821268964428,0.12126996095615716,0.05819758694995456,0.23867507694317308,0.18399025759375467,0.06944295443597455,0.12465976353885623,0.1736368828494651,0.4346620696455737,0.1561952329131322,0.13346269983810644,0.11238836106407572,0.11139224913565686,0.12836967519067943,0.11632909981128674,0.16375678367027974,0.1742717436339178,0.11468836973092045,0.42247411360071535,0.12463347512195237,0.15686714622509546,0.16685401690782992,0.317963147467701,0.08032959660633522,0.05796540959502179,0.06786553007206003,0.06515157906738939,0.06459556747790521,0.12075682667089284,0.11334597533585707,0.1937809587264263
5,85,0.11662229052705997,0.13006846397240418,0.09443361558562821,0.0916630802930548,0.10972598178912826,0.06999317235656059,0.2365070904413753,0.1550813259879921,0.11865920271078072,0.3028541197301376,0.10397124034165384,0.047258091401996515,0.2390778460395027,0.1751617830758805,0.052354869571579754,0.11986766579632632,0.156235127546116,0.2924949228278405,0.11845760533375974,0.09727063241624238,0.08790853521133515,0.10025509191616555,0.10521304911550335,0.08817254473398493,0.11449918621464994,0.14903129761055534,0.0928962639054026,0.3093165883197877,0.12550295124143543,0.13894305102621132,0.16062638900328993,0.28694183102474113,0.07289868330381365,0.052948822128484854,0.05223883860501574,0.06596055878432362,0.05902055337296886,0.09392789712328486,0.09207628769738742,0.15826951634711353
5,86,0.12703702197799735,0.13429747475780845,0.09767073575750612,0.1146263518800692,0.12692589480258773,0.08207021337184606,0.21305325838246972,0.15264794017345207,0.12406862558191159,0.4483293381674563,0.12101400828338671,0.04396594884485121,0.21953001843233308,0.16642311742506072,0.0563998137967156,0.13317185508792478,0.1643991804008657,0.2751338972441133,0.17856280905288224,0.1137447620765753,0.11327413476423721,0.11598143186198957,0.10428379483671327,0.07823363704259034,0.17081846110684132,0.15902707156052995,0.14143086581885975,0.49057443231850206,0.13206336625722792,0.15416551954438457,0.17075981306312632,0.31552138678264235,0.07556064920959357,0.05398118909705974,0.06115719090594632,0.06892890158227832,0.06200111544443209,0.10450044438903261,0.09523208029539504,0.1557825488831081
5,87,0.11414632727356526,0.11637623662043631,0.0976167660822743,0.07658041540243671,0.11009751539309272,0.0739155071457023,0.19637246709955467,0.15809245989056514,0.10405951931276354,0.43810257200621455,0.07869061324291601,0.04898966815405287,0.20828892198887325,0.15014835322498468,0.06512434216567772,0.13203440946049536,0.1771113054887372,0.24360046644603647,0.11669812288141437,0.1436287951196097,0.13539402933420278,0.1210935963412678,0.09458495431207087,0.09664677878216194,0.0998049542196419,0.1312085727491257,0.07840569736438992,0.46373395834108544,0.1417522977577873,0.15018105373674692,0.17620334578977317,0.3307148232313386,0.07046614545480036,0.05372632819479338,0.051773049784275424,0.06098398612176474,0.051181079479708916,0.09917470107733144,0.09579650785266185,0.13807970411985498
5,88,0.10350366184512033,0.11324836014673445,0.09300983950691163,0.08389995477956494,0.10885851574603438,0.07147804380704398,0.17204970523301844,0.14415185607723002,0.08876650218419808,0.4898522551747853,0.08880176870584683,0.04529076616854062,0.1842983096361665,0.13261483754405934,0.06325826663274338,0.11335748276210199,0.14393841847964464,0.21707502437368983,0.12914185914424736,0.13752064760637056,0.13733632230125717,0.11525130670207122,0.1046841328291839,0.08376783190549743,0.10229942749360722,0.12977846954662864,0.08364249403466353,0.5080349771123542,0.17451452707057338,0.14725761870448825,0.16481354096683576,0.2978507350490211,0.07704325335740313,0.050613339527756554,0.055406430829829725,0.06181875175647279,0.050591024339888525,0.09657022474147314,0.09701243695516606,0.14584795159723904
5,89,0.09828515008146031,0.11974687183850474,0.09142202423962953,0.0827412903133109,0.1039508708488621,0.06411741615292754,0.19577637830630853,0.13641478200192733,0.0907446658021041,0.466087597001764,0.08491834338590912,0.04927833365289376,0.1999092213163985,0.14195021485929651,0.08311598449252854,0.14107294374699306,0.17541507567787643,0.25876883533300576,0.11135440414159098,0.15665917294023718,0.1542988748887613,0.11531908498743301,0.09413453320152158,0.09489344956798032,0.10609792245708972,0.13423482051705665,0.07602902934855002,0.47041350585766045,0.13658647846868946,0.16426462297342745,0.16766470073932221,0.3094442233562503,0.07591385764779282,0.04853062691367091,0.05231302672489298,0.06234171583565165,0.05936557708330511,0.10176060661281962,0.09245260998563092,0.1505105637253784
6,90,0.15741404824554,0.14859162918805974,0.10475636830540765,0.10393302662807669,0.11774195909376449,0.08966566808547524,0.374205925119547,0.1876775416292748,0.1257482061651388,0.30835508416897,0.10560866700511302,0.0577052096027911,0.16716721275557336,0.10760339919231221,0.07480114281660198,0.06497003460847857,0.11828785444666591,0.45855042544916086,0.1518124033553766,0.14123830785991634,0.10069373088686236,0.1218355256804506,0.12893901587045703,0.11063472117119108,0.12200962875877691,0.1570727044340803,0.11145514748630156,0.3273972958251653,0.0962731362660241,0.15577059730229187,0.17573786989302326,0.29354821065136005,0.07960133671387,0.06028881270109944,0.057872878513892015,0.06809881049504769,0.05899773850149556,0.1032870193937319,0.11761453657392436,0.1594473186326782
6,91,0.13377026603181216,0.14070742623454935,0.0964807867962632,0.10605382394779732,0.12443769173577648,0.07593146304466473,0.37987784842322986,0.14951348186578253,0.11376043774108698,0.34263317023077616,0.10044525064626868,0.06308645751165057,0.1548490840773881,0.10156003125071114,0.07062073976638217,0.0770590820835379,0.0947850706640124,0.4680800076192641,0.17676679632171402,0.12791715466435072,0.09772805228743969,0.10928834197842809,0.11476236868797979,0.12661274909128134,0.15365413709950285,0.14023350855909622,0.11718271143597753,0.3716273750262266,0.09776187585493498,0.14774835001697764,0.17147237121034992,0.3234046896985333,0.07407044130028029,0.05504069840728011,0.054136262118584876,0.07010477489488605,0.05337717232134434,0.10178222805420407,0.1095069536892361,0.1406249291882565
6,92,0.1485697388355731,0.12352866773018771,0.10490533286093387,0.10826623078131663,0.1312529831444756,0.0842360411525494,0.4296568965905557,0.15683174394150842,0.11875731962722241,0.35629561976933366,0.0993605140674552,0.054766826176756274,0.157755837058573,0.09872373972282981,0.09041073099726259,0.053139057725855435,0.08834837144186722,0.5278806745126985,0.17680370334689702,0.1639424909655925,0.12934186280491297,0.10990450481546994,0.10405568980859994,0.11018933503658362,0.13095647915726416,0.1565497681579089,0.1059453759919226,0.3871441393403335,0.11456544005718147,0.1384054854289211,0.1646019696165021,0.3188228032929478,0.06775340893059485,0.053304991230405434,0.05429280594333674,0.05799123723728952,0.05599114121089807,0.09690105943567476,0.09972172429464586,0.14092599204895268
6,93,0.142660901006268,0.13917904024161007,0.10205621714243444,0.11493872554674826,0.09753271205928295,0.08741643854861147,0.3243478188565178,0.16260096496263848,0.10976928398089911,0.33704279744515164,0.10357437561612431,0.07020110846569562,0.15585358688980516,0.10498671408121693,0.07221195159166299,0.0735006208068619,0.06400731880487877,0.40696063098887414,0.14087484066392036,0.11870482726404867,0.10238705990362118,0.10858604948555493,0.11704724292713128,0.13798898495082576,0.12145251114719198,0.1570142664235674,0.10071654991569799,0.3562505408294554,0.12380461362853055,0.14659582017170503,0.15788001886276867,0.300751368916557,0.07885940366047045,0.059765024693457354,0.05936566139632383,0.0705942938974231,0.0630437535489092,0.0987678042054508,0.10529440197090213,0.15383697855204467
6,94,0.12014923779297824,0.12452199423447313,0.09920104603738053,0.10005953355693388,0.12520607029398842,0.11303914289420726,0.33805921000236094,0.15137734735926237,0.11111073692561219,0.4232206325964638,0.10959790683025464,0.08554930241572234,0.12978380703724626,0.07923214675935858,0.07742720982662092,0.06928530072991287,0.06024645748505005,0.42138118834715743,0.18707440313688875,0.17093662800176393,0.14722868577982307,0.12528165923245269,0.11006077508647931,0.15373367350718004,0.1598488321630762,0.13706877439271228,0.12872920241032965,0.4466186234938727,0.1653648185537192,0.1679934238069278,0.16824773788466996,0.3281205562025077,0.07178028858250117,0.05819631355198758,0.05846126614802213,0.06560219762404812,0.05874054023363599,0.09357303309673884,0.10381983391505815,0.14753872611427138
6,95,0.12102193846024413,0.13266758889363495,0.1120090933293374,0.12028865139120239,0.12820593903754865,0.08851399265923553,0.39503962071686866,0.16613283934879178,0.11013946506742564,0.3723679985054884,0.10430734091115212,0.07547877458244825,0.1288313689916653,0.07827296766293289,0.09287541006451132,0.07341225956580034,0.07372530724001376,0.4919152081502627,0.16328489206487218,0.15584523247287535,0.13033264646130976,0.1261330915974751,0.12569271328395226,0.148954464918905,0.127879912190953,0.161547052489193,0.1196554602629334,0.4121273403898592,0.10179361175087327,0.15215521718267727,0.17733950556672504,0.3246547611840926,0.07539280828836159,0.054923950268978124,0.059956202016182354,0.0759302290016168,0.060760597468776684,0.10792741915830713,0.10024633515576169,0.15678450919490147
6,96,0.1316057668052691,0.14920594046951718,0.10213767117391091,0.10585185649130467,0.10387239591772822,0.0983736086889342,0.34330420523539945,0.15618066680299747,0.12293558145805054,0.3896846845767541,0.10009715890889788,0.0655578236264611,0.10910639399004884,0.053271799408517576,0.07371596743663703,0.07472822350473372,0.11148633706411847,0.43189243596722676,0.14656817332119407,0.11835839421875775,0.10871184299505897,0.11801618127866993,0.11571168088867931,0.12419755934559396,0.123334197269924,0.16826090172630184,0.09826631644506527,0.41665055232870984,0.09942651885626148,0.15892619198069652,0.18332815138834088,0.3005852390929101,0.08032555024383194,0.05921331513938376,0.055455792368379636,0.07187858291429364,0.05875748997866476,0.10215323903955137,0.10477355183098586,0.15631818354792884
6,97,0.1059487341864095,0.11549588811545645,0.08818964111297342,0.07906264907654148,0.11789485002053623,0.07955790638821963,0.3340997178779245,0.14411212482760855,0.09815375863006358,0.374747927972792,0.10148982326855016,0.05404640616070048,0.08432104586878364,0.041213860972724954,0.0877876497021387,0.05073913170379578,0.1050729428531688,0.41965963762332276,0.14455206055234826,0.1522810885604709,0.1261694342475851,0.10085629053806469,0.09795684990980562,0.10960647579991155,0.15136136237654974,0.13348129636143632,0.1029340684168856,0.3825472907842792,0.12050096954533474,0.14339014175969303,0.15757211882959574,0.2706345439605771,0.06213102049253136,0.04930314847010866,0.047388287169328434,0.06413373625009795,0.05764940203109458,0.09535201761197888,0.10134008456005755,0.11598999872844433
6,98,0.11459301582507656,0.12077874285336042,0.09313787346610433,0.08406341706349453,0.10257161322806232,0.0897614388043666,0.23326624156028805,0.14805367238755307,0.09979931238800603,0.3284265550433426,0.0952189326813486,0.0524515049374251,0.08102496749188258,0.03456470078106038,0.06768822577954454,0.06975425821793647,0.10096166430775325,0.30690705206159247,0.150656491945533,0.10753995952772567,0.08642674764507519,0.12223885795636724,0.09841159754165066,0.10702676266753938,0.11447114377578142,0.13942833449610656,0.09949130986657138,0.37357516543235725,0.11179549146740239,0.138062732963658,0.15115124392322307,0.25715367247635873,0.07054548594701075,0.050676318979521774,0.051407683581181966,0.06593643833679934,0.053499343549026544,0.09365145529921196,0.10156719046733054,0.1384146750147727
6,99,0.16967111141476449,0.1667030900836172,0.13154554032758192,0.12011427124645509,0.15949632063902947,0.12124489156885748,0.574117746552025,0.18849305697125182,0.15791666906858132,0.36750497362902795,0.13926190149304676,0.08712026811164102,0.10830530441545415,0.14306058635957467,0.1479150937468571,0.07715796007638968,0.0702296117202319,0.7190943460162078,0.20254308481436475,0.27919834653983683,0.22156697586080934,0.14611780753041714,0.12428834030033027,0.18609000455807725,0.17534786671308616,0.20916354800866724,0.13622794907323243,0.3954144173525228,0.13103245239768976,0.15922813832351396,0.1821057322780647,0.3601459204299354,0.07768183043127767,0.07239328725286423,0.04729432241755488,0.08949619939868439,0.06716475205869805,0.10705453444806837,0.13399670848410972,0.16144075302276498
6,100,0.1525437512357338,0.14065237668345196,0.10762828221955978,0.09413377044619073,0.11499717348234648,0.10961402558643346,0.4318667508806615,0.17248614737272994,0.11993890875890273,0.4741828106236203,0.1044866887805846,0.07404126515385857,0.08601869430986997,0.12779854582566394,0.09874645364462524,0.0796107392959125,0.06402651818502035,0.5375088686454508,0.15792128891171872,0.1794777906573333,0.1383257429135015,0.15007540077873735,0.11011984431279144,0.1636779086265578,0.1312691488970865,0.15859785911024255,0.10500490134222515,0.47097753155967287,0.191888136742113,0.15611694074910004,0.16698971258841314,0.3191113662246994,0.07268827781955876,0.058090301424793295,0.05546756520593497,0.07063695226005942,0.05519343718113666,0.09695406068490323,0.10866118673204897,0.14360370648629925
6,101,0.12883370667675262,0.1452950606079519,0.11059241843165965,0.12750763726990377,0.13028206387069258,0.11013148919773032,0.4025840420743293,0.15289471433096807,0.14376848866253694,0.38965262066205075,0.10628165020600946,0.0832534541929218,0.09618686019441025,0.12565137290707187,0.08856074135918264,0.06281959134082304,0.050737154254550235,0.5030902214663722,0.16561057272202845,0.1541450828531124,0.11452198285495735,0.1208231075553138,0.12638935854192326,0.16636518916675214,0.13918810782427143,0.18271104474379096,0.1103831438653341,0.42635419151597903,0.13106216740271737,0.15278375120116566,0.17224488084385164,0.3078060550188494,0.08251404698526246,0.06448612280877723,0.06368873281449591,0.07544034253483833,0.06606171142479156,0.10080348775692557,0.11243807517851787,0.1542935103198989
6,102,0.12154744898831195,0.14694987490819264,0.11104244228030646,0.10514236809572292,0.1133997893907769,0.09868765481661841,0.4598621143249639,0.15531867229913437,0.12888411412106543,0.35639838809641583,0.1158178854737324,0.07481749111567958,0.09442857878265301,0.13227850503644625,0.07935415222727983,0.05326597599306519,0.0456228040548135,0.5706481558621416,0.21231858391713487,0.13407252264363964,0.10532511590634624,0.1285150968938705,0.12134806328695084,0.16699962303163635,0.16092157819756284,0.18365775867026585,0.11973931178799738,0.38813831645394176,0.12310461966843868,0.1504107418202978,0.16720715400628125,0.331941456837534,0.07197683830911772,0.06406799839752063,0.05278078949197463,0.0692966692007746,0.057182086608523607,0.10003151996028325,0.10729442762148529,0.151981727010612
6,103,0.15474503153636193,0.14060783978623204,0.09659870930982864,0.11169781597659055,0.13495556411088752,0.08083741075027863,0.5411509435704064,0.13232973591242003,0.12420101854133891,0.3123558859670407,0.12467913379570912,0.0871751257267166,0.10411555098904267,0.14228601520791367,0.1339847801386074,0.12607275928161132,0.045604242768145356,0.6888434642129035,0.1842034530668587,0.21462655972512207,0.19126806005950947,0.10736561298385072,0.09835358158592866,0.1899480345483082,0.1929134104851358,0.174608371137556,0.12980036768397646,0.35263941967560736,0.10476070679691188,0.13058093492137146,0.1544788188200653,0.3075356360296188,0.06670106571941829,0.05175328780556476,0.05741591545167514,0.06447171810694548,0.05439183334359325,0.09440675976798606,0.10474630229448266,0.15913350020788414
6,104,0.14915417946323772,0.14419186593259442,0.10514377947629548,0.12470767240324389,0.11519854985630415,0.09396002609458776,0.4466584584003902,0.15216351891620758,0.11880157046002354,0.32619968654416587,0.12369491912810235,0.10082715843905617,0.11980584247639017,0.15173273019851097,0.09650613842994366,0.1341614501445186,0.06384290900209089,0.5579507813364062,0.2071897252811733,0.16598571787175082,0.14660926603501523,0.12919666548462877,0.10872542395098282,0.20874524975885306,0.16649118534214635,0.15975716980014534,0.1317719275454947,0.38031881837737075,0.10966143588174214,0.14254600813992804,0.16932460390268628,0.31787827841729843,0.07178725730034877,0.05969400989939408,0.05630592584565498,0.06847350588122793,0.05002846357770658,0.09380605957275677,0.10663657847854434,0.15238106314596178
6,105,0.1332074239315936,0.13144529514729877,0.09796110151636325,0.10180310731363348,0.11282368171424227,0.07916958346162718,0.3735635418855834,0.13248077833479807,0.11348632882695611,0.2994486084844315,0.10547916710499325,0.07888853121874656,0.10632112116116166,0.13726086322131562,0.08653456390785465,0.17282567722864278,0.056644430778526,0.4499962607872768,0.1554170140827908,0.14053624124419872,0.12484842424056664,0.1050695429465495,0.10253077762087387,0.15731396373273243,0.1419081647779051,0.14950661199435486,0.09369509433279641,0.3459746920279366,0.09681114448441228,0.12344680343016588,0.14919320396911737,0.3023897776826037,0.0649736184640364,0.05184414568153956,0.05646119103246039,0.05875154166058649,0.049529602242811534,0.0875787895113235,0.10464625325131104,0.14388035227665233
6,106,0.11391959842018058,0.12740326392187892,0.09841339925647893,0.08483276169015218,0.10754033441111457,0.08207006793029438,0.3351483552170423,0.14050243457489245,0.1025545882002404,0.4083655930472556,0.09396207458738229,0.06488245977554905,0.0992096253887894,0.12464332910921343,0.07267341587778924,0.13530489280683003,0.06713443665637686,0.41773786418184305,0.16248280337659748,0.14516176456661486,0.1283117559368723,0.11642120319129848,0.10785099342675397,0.13017985807023683,0.11517002193107227,0.1475545671804321,0.10091717277504406,0.4398339591981319,0.11070646090433754,0.137791187124164,0.150369795823106,0.283041473303598,0.07536628996781555,0.054248540210690276,0.05148351599561292,0.06136415387122416,0.05343362870459563,0.0914149303195473,0.1057548661025144,0.15209486797260563
6,107,0.1069971971159229,0.1119643388869352,0.09068476397633865,0.09962705488839886,0.12274655723740313,0.08716921147681464,0.3626105696511367,0.13247246552499187,0.11436636897202185,0.33235019181791353,0.10037344211532329,0.0641613073690736,0.09323674780717897,0.12321264757811416,0.09563768986938616,0.08759919887359396,0.05181925848401667,0.44913983398281526,0.16261147076375462,0.1651795747722716,0.12987782969738232,0.12117274901656516,0.11881609098983818,0.12161049146628536,0.13786683603383815,0.13980329922850673,0.10638061607162427,0.35747615055098275,0.1536806279029487,0.13891787004882727,0.16255830240314045,0.2993474972887232,0.06800370347199222,0.05485627403494225,0.05489304997008047,0.06993310048892681,0.05424132534476711,0.0937771404789073,0.10129952952291832,0.13429920967885037
6,108,0.15430937180695123,0.16021757814720605,0.12431313468545277,0.11613853953946324,0.12588639113875136,0.08120684446500243,0.540773824680252,0.19657182079914093,0.13228864096177936,0.3373858556397174,0.12648424934223834,0.08921731482888558,0.1746347129247046,0.20523424212262803,0.11997960097619566,0.20008463326107168,0.06730421280065035,0.6643532388592742,0.17482328547444503,0.2089324949455757,0.17237687993994616,0.13515720711608564,0.13464764645152208,0.19124806047822462,0.14125249132187778,0.18025770685317224,0.10679139061213258,0.36457223680784984,0.11237378293261796,0.14357479850290703,0.17275112312309537,0.3432154212172156,0.06832787989341256,0.06484873362392891,0.051961173851057633,0.0765200360599198,0.06245393698929048,0.0974214047325965,0.12493327140979953,0.16785407232741237
6,109,0.12683616657890404,0.1382532031840613,0.10770585581700629,0.11784382644099474,0.12104868795394419,0.08921455828559184,0.39063428295878067,0.15551652444166972,0.11630931330697213,0.4140666273316842,0.1239212517286682,0.0908471021560458,0.06684042614399308,0.09642907043624191,0.1123107389627794,0.1286690466081551,0.06872096477959833,0.4689582122904629,0.17138774636358334,0.1786707722387143,0.13285208111955663,0.1007825409651435,0.12790225318141463,0.1833580796641885,0.1613580115098632,0.15180663421102028,0.12047474862377984,0.44830015865827444,0.11280518513015857,0.12832660224821432,0.15663253248567238,0.29463870082823385,0.07462780352721161,0.06333975449721793,0.054866210919471546,0.07130585150020066,0.05263435657788559,0.09387802357780595,0.1020553101078233,0.15859844943455295
6,110,0.149656466288051,0.1398573274842955,0.11934893843509525,0.09334152438289653,0.152412842150142,0.0909208970561239,0.3846139873822176,0.1558825542046429,0.13505115337846155,0.342834785713523,0.10191891833183638,0.0681983599704216,0.053238464840154424,0.0611239688702107,0.10522372392652467,0.06563183571515667,0.07413283219866597,0.4766841325639188,0.1615225766932282,0.18450921172734205,0.15890897974479318,0.1155452778306435,0.10190236333586761,0.13954448119413237,0.14020414709925189,0.18596443762227796,0.09971512719244208,0.37479603019049873,0.10378278882227951,0.13461359892258284,0.1602505480990245,0.2889362100024006,0.069949750527763,0.05848165791121869,0.05577709139497204,0.06318918201165367,0.053807636080234686,0.10424204304993637,0.09133224083808865,0.15635520720728663
6,111,0.11305667751969606,0.1274197628689244,0.0923851298025569,0.08956744339391609,0.12314807154706152,0.07177115058625233,0.3207827077439147,0.15571757392592217,0.13484569194853246,0.40563750042482194,0.09772167518347619,0.07707969094351343,0.04950875312900461,0.04688251955365078,0.07353698690784054,0.11811632242669008,0.13411503522488447,0.3906085653325769,0.15513677796994518,0.13839670026609976,0.12047597347335952,0.1269367881635037,0.0951367204650105,0.1536833117716004,0.13680317637453943,0.17529945137154798,0.11796530222717995,0.42823029326996304,0.12314856969439157,0.15823346150043274,0.1686422817643231,0.32806757140407217,0.08040951712394415,0.05949648047093985,0.047398108358840334,0.0636184795175626,0.06154146636246726,0.09904985995006275,0.10042576053027744,0.1502332714420575
6,112,0.10638726033116891,0.11553392126487902,0.08991791312614998,0.08803824651304629,0.09235513474335795,0.08534130152240796,0.2415270931714605,0.13370845265290382,0.11196734161791669,0.38933601881669533,0.09332698233591846,0.058868314230601286,0.053824251199979654,0.046603828582265104,0.09000284882644989,0.14109497307026234,0.1526107659515633,0.3080544526486465,0.1077709000095792,0.1447689968119258,0.12090516462702432,0.11990149917944576,0.1046745717761566,0.11791837192088946,0.08959110389189079,0.1692111874496346,0.06725666561107084,0.41444248364397235,0.18329541477243438,0.12522046703069292,0.14368160583790007,0.2782267564537867,0.06714069942128519,0.056061383487088695,0.04815190789988356,0.054854252875814094,0.05635755363867851,0.09208787041039909,0.0943418703664575,0.13526993804061285
6,114,0.10720343618095045,0.13512326942624367,0.09528218135423772,0.08609134410782653,0.11049494989834144,0.08862918786406596,0.3632853895618917,0.15955361692188566,0.11692259163759937,0.4273781060702238,0.08591333359587347,0.06712700118877556,0.05361402675974169,0.04984144200560922,0.05988063899249308,0.15518131180864217,0.1392235867330579,0.4451357427943806,0.11324849027717766,0.10881307955284665,0.09822133483634285,0.11746567869850578,0.11422367956236532,0.13167421413671077,0.11430926472091833,0.176843420394072,0.07615398272863558,0.46271289553376593,0.14070275555055436,0.12803988503392316,0.1547987911692639,0.2783565867419447,0.07496579068006021,0.059334119194522,0.05443316706627673,0.06430300562053423,0.063436944990861,0.10360827093945589,0.09840301760088005,0.16196585698221266
6,115,0.13693587455349102,0.13596732653557936,0.10401426910955706,0.09574954439135279,0.11910140360126797,0.11137266188350141,0.2702989533506358,0.1500080353687464,0.11457479855542813,0.3745362466324245,0.10393267486595006,0.06616081249879499,0.04969117380738622,0.05179758356319169,0.08575426576957242,0.06910181649999973,0.10126090473917294,0.3372989412015703,0.16664223072308473,0.13080022626692722,0.11341836229649654,0.12972501861535324,0.10674325089173532,0.1349464034719533,0.1507070169409856,0.1598409481498986,0.11475517382230671,0.4023328809394818,0.11845850023989096,0.1389852151300793,0.16224704716655627,0.2795386097353502,0.07573429679053324,0.05754698123172715,0.059554579477584406,0.06017355908870063,0.0554030273351875,0.1009883192151692,0.10380298913753569,0.14783116040506092
6,116,0.10347477640538855,0.11717061590673351,0.08923396475349794,0.08592924951897533,0.1072236135058279,0.07583130560412932,0.32578063973011134,0.14483327709884744,0.0980485612874892,0.3054618291576711,0.08561944403938662,0.05410952976565805,0.043178311073908605,0.0487468747854505,0.07536931831875145,0.10317167901585718,0.11066425914752934,0.39721790797377016,0.12096603204117501,0.13892503953632004,0.10937994624950531,0.1154063835256,0.09960776020775212,0.11375196484092796,0.10634582090899922,0.1444019730122538,0.08470705176731484,0.3325418724633789,0.10809204677974607,0.13301609710255202,0.14965883611054953,0.27881165814519204,0.0605188263215993,0.047731361794684596,0.043751476229428134,0.053992892046796734,0.04673788514943317,0.08824665657936931,0.08452600302304286,0.11604058169954308
7,117,0.09627021012867708,0.11640586372726389,0.09858769723248398,0.065695896835534,0.09179724475554694,0.050257358744104016,0.3047981291954536,0.13175251376393476,0.0999555435976199,0.30775829614614936,0.07336887233064905,0.04494198478927199,0.46714320803707987,0.02085540816231268,0.05155311596662438,0.12450216544255215,0.18563244106346422,0.3769260258639897,0.117635687728515,0.08647419153476754,0.06959555809289264,0.0919701093451647,0.10134758268283596,0.09648803944877156,0.08221315461219345,0.15319545024699777,0.07926275411088621,0.3372514502533962,0.09124720728881001,0.1468979241571554,0.1425742257224809,0.22005760224729012,0.06117428158461677,0.04708980253697483,0.04199215328877869,0.04853221178140987,0.05081022800356216,0.08670565421437788,0.08775751211257865,0.14020633677830432
7,118,0.08889123654297344,0.10355303048622984,0.08152697925400748,0.07030036518657876,0.08310247096654926,0.040402641840069684,0.23145512856220135,0.12277132778700543,0.09183653144883891,0.28559775894330097,0.07176665122777036,0.04668856565838806,0.39194345947821313,0.043097505083909374,0.04414380653572187,0.1288044356167602,0.21106931903567494,0.2895572333533408,0.11867812734673555,0.06944713487757365,0.059556042143315925,0.0803578193042572,0.09223309688344145,0.09928425149798481,0.08322905303810602,0.14148011196083385,0.07410841109961809,0.3295502957388172,0.07237455821544776,0.12287318498368763,0.12665152310116568,0.21042559260908597,0.058705929366200026,0.04414252973410302,0.03960408063103071,0.04695390471931402,0.0503042158538533,0.08724139537269876,0.09567199634172621,0.13496612951849246
7,119,0.08934777665184822,0.09432526687096564,0.07415647665575459,0.06479544714707458,0.07839851233080457,0.042375225616135596,0.18858563878560008,0.11308421690182438,0.08942623862119042,0.25932627474869724,0.07685010916833324,0.044148279969330774,0.3879023300798519,0.06485029081949076,0.03282702413871155,0.1328688028489996,0.17195880768215405,0.23875720223673558,0.1055305255336535,0.06759628243044187,0.055934426503812466,0.07727561905520612,0.08601170332193495,0.08664942675563174,0.07165431920925579,0.12782645421418243,0.06919476657112489,0.30149851610426254,0.07590956610717632,0.12164181276326448,0.115278104295121,0.2089062339798523,0.06402957232510313,0.044169453444224085,0.04140301230505311,0.04910045675404793,0.04539196853948708,0.0780522574377182,0.09087437463367387,0.13866067241860772
7,120,0.07826542797062179,0.10167868775495127,0.07663615139705961,0.06468538069282696,0.08504164892709934,0.03743512619352675,0.1477552326872468,0.11549372498371263,0.08249616903770678,0.22636348650440427,0.0707567350107575,0.03773478053064559,0.3834082173756833,0.07385820757848603,0.04476102238629583,0.1307106715141945,0.16451633685816974,0.1903440885076507,0.11892993718131888,0.07662410782811044,0.06069717796471881,0.07601404118685953,0.09694523357900592,0.07386957336545848,0.08673505539887176,0.1350012356040021,0.06759222303386417,0.26492842102251524,0.07548010680682837,0.1255813573104289,0.12121557205388252,0.2121227881108941,0.06762447601018721,0.04428297733398758,0.038484424326936786,0.05054552275565741,0.04897726992384721,0.08013385563651505,0.09801251067641899,0.134001242654498
